case_id,label,arm,pair_id,groups,direction_fit_px,axis,coordinates,enumerated,supported,supported_and_players,distinct,kept,cap_threshold_score,nearest_kept_by_kept_px,nearest_distinct_by_distinct_px,best_enumerated_px,best_supported_px,best_supported_and_players_px,best_distinct_px,best_kept_px,best_enumerated_rank,best_supported_rank,best_supported_and_players_rank,best_distinct_rank,best_kept_rank
gxBQ_window_00_frame_0,GX0,baseline,143,9 8,6.7984,horizontal,5,5060,3640,3578,2344,512,0.5911,34.3268,6.4003,6.2767,6.2767,6.2767,6.2767,34.4016,1459,1459,1459,1459,178
gxBQ_window_00_frame_0,GX0,baseline,143,9 8,6.7984,vertical,6,15840,12870,3082,1944,512,0.5257,34.3268,6.4003,7.1869,7.1869,7.1869,7.3472,7.3472,-1,-1,-1,504,504
gxBQ_window_00_frame_0,GX0,person,20,1 6,1.4983,horizontal,5,3420,2480,2362,1740,512,0.5669,1.6162,1.6162,1.8156,1.8156,1.8156,1.8156,1.8156,20,20,20,20,20
gxBQ_window_00_frame_0,GX0,person,20,1 6,1.4983,vertical,6,13950,11792,2850,1834,512,0.5013,1.6162,1.6162,1.5884,1.5884,1.5884,1.5884,1.5884,87,87,87,87,87
gxBQ_window_00_frame_0,GX0,paint,21,1 7,32.8164,horizontal,5,420,22,4,2,2,0.4429,605.2214,605.2214,32.9277,277.9989,857.3152,857.3152,857.3152,-1,-1,0,0,0
gxBQ_window_00_frame_0,GX0,paint,21,1 7,32.8164,vertical,6,3600,1966,434,310,310,0.3281,605.2214,605.2214,40.4453,44.9688,44.9688,46.1334,46.1334,-1,-1,-1,58,58
gxBQ_window_00_frame_0,GX0,paint_person,19,1 5,32.8164,horizontal,5,300,18,0,0,0,,,,32.9277,277.9989,,,,-1,-1,,,
gxBQ_window_00_frame_0,GX0,paint_person,19,1 5,32.8164,vertical,6,3150,1664,304,180,180,0.3267,,,40.4453,44.9688,44.9688,46.1334,46.1334,-1,-1,-1,44,44
gxBQ_window_00_frame_0,GX0,paint_observations,143,9 8,6.7984,horizontal,5,900,400,360,220,220,0.2171,12.5775,12.5775,6.2767,6.2767,6.2767,6.2767,6.2767,-1,-1,-1,181,181
gxBQ_window_00_frame_0,GX0,paint_observations,143,9 8,6.7984,vertical,6,3600,2174,266,190,190,0.3171,12.5775,12.5775,7.3472,24.5078,24.5078,24.5078,24.5078,-1,108,108,108,108
gxBQ_window_00_frame_0,GX0,person_observations,143,9 8,6.7984,horizontal,5,3420,2110,2058,1364,512,0.542,8.2719,6.4003,6.2767,6.2767,6.2767,6.2767,7.5941,773,773,773,773,376
gxBQ_window_00_frame_0,GX0,person_observations,143,9 8,6.7984,vertical,6,13950,11312,2440,1522,512,0.4932,8.2719,6.4003,7.1869,7.1869,7.1869,7.3472,7.3472,-1,-1,-1,376,376
gxBQ_window_00_frame_5,GX5,baseline,17,1 3,23.8002,horizontal,5,4620,2962,2902,1768,512,0.586,23.6585,20.7151,21.4246,21.4246,21.4246,21.4246,22.3125,1676,1676,1676,1676,211
gxBQ_window_00_frame_5,GX5,baseline,17,1 3,23.8002,vertical,6,17850,14424,4072,2302,512,0.55,23.6585,20.7151,20.959,20.959,20.959,20.959,25.1675,874,874,874,874,134
gxBQ_window_00_frame_5,GX5,person,17,1 3,11.472,horizontal,5,5060,3688,3538,2230,512,0.5853,11.0622,11.0622,11.1809,11.1809,11.1809,11.1809,11.1809,-1,-1,-1,5,5
gxBQ_window_00_frame_5,GX5,person,17,1 3,11.472,vertical,6,14880,12500,3174,1890,512,0.498,11.0622,11.0622,9.931,9.931,9.931,10.3154,10.3154,-1,-1,-1,169,169
gxBQ_window_00_frame_5,GX5,paint,21,1 7,8.3955,horizontal,5,720,152,130,72,72,0.3159,10.0125,10.0125,8.6337,8.6337,8.6337,9.0414,9.0414,-1,-1,-1,15,15
gxBQ_window_00_frame_5,GX5,paint,21,1 7,8.3955,vertical,6,4080,2496,468,288,288,0.121,10.0125,10.0125,9.5161,9.5161,9.5161,11.6478,11.6478,-1,-1,-1,106,106
gxBQ_window_00_frame_5,GX5,paint_person,19,1 5,18.7612,horizontal,5,720,184,98,68,68,0.2657,19.3551,19.3551,17.0171,17.0171,17.0171,18.2833,18.2833,-1,-1,-1,1,1
gxBQ_window_00_frame_5,GX5,paint_person,19,1 5,18.7612,vertical,6,4080,2468,498,306,306,0.1223,19.3551,19.3551,19.7841,19.7841,19.7841,19.8371,19.8371,-1,-1,-1,141,141
gxBQ_window_00_frame_5,GX5,paint_observations,17,1 3,23.8002,horizontal,5,560,102,102,44,44,0.4063,25.0844,25.0844,22.4534,22.4534,22.4534,23.7183,23.7183,-1,-1,-1,16,16
gxBQ_window_00_frame_5,GX5,paint_observations,17,1 3,23.8002,vertical,6,3150,1526,392,198,198,0.2205,25.0844,25.0844,25.0491,25.0491,25.0491,25.1675,25.1675,-1,-1,-1,58,58
gxBQ_window_00_frame_5,GX5,person_observations,17,1 3,23.8002,horizontal,5,3420,1908,1878,1152,512,0.5635,23.6585,21.1743,21.4246,21.4246,21.4246,22.3125,22.3125,-1,-1,-1,117,117
gxBQ_window_00_frame_5,GX5,person_observations,17,1 3,23.8002,vertical,6,15840,12952,3622,2038,512,0.5293,23.6585,21.1743,20.959,20.959,20.959,20.959,25.1675,758,758,758,758,102
am2_window_00_frame_150,Am2-150,baseline,30,2 0,3.2564,horizontal,5,14820,8402,6860,4172,512,0.5971,8.6567,5.432,5.1622,5.1622,5.1622,5.2008,5.2008,-1,-1,-1,6,6
am2_window_00_frame_150,Am2-150,baseline,30,2 0,3.2564,vertical,6,13050,11066,6302,3376,512,0.59,8.6567,5.432,3.2451,3.2451,3.2451,3.2451,7.9674,702,702,702,702,36
am2_window_00_frame_150,Am2-150,person,32,2 3,8.8878,horizontal,5,12600,9074,8366,5990,512,0.6472,57.5016,17.4107,10.011,14.3206,14.3206,14.3206,20.3734,-1,1790,1790,1790,262
am2_window_00_frame_150,Am2-150,person,32,2 3,8.8878,vertical,6,4590,2444,1616,1192,512,0.4398,57.5016,17.4107,15.4667,15.4667,15.4667,15.4667,63.9942,1142,1142,1142,1142,390
am2_window_00_frame_150,Am2-150,paint,28,1 14,11.9797,horizontal,5,4620,2830,2756,2010,512,0.567,40.5141,12.9342,16.3456,16.3456,16.3456,16.3456,16.3456,1351,1351,1351,1351,103
am2_window_00_frame_150,Am2-150,paint,28,1 14,11.9797,vertical,6,6930,4418,2258,1350,512,0.482,40.5141,12.9342,10.8794,10.8794,10.8794,16.0405,32.2995,-1,-1,-1,1200,109
am2_window_00_frame_150,Am2-150,paint_person,15,1 0,14.3246,horizontal,5,5060,3198,3124,2390,512,0.5784,46.2199,22.6297,16.3283,16.3283,16.3283,16.3283,22.7206,1741,1741,1741,1741,30
am2_window_00_frame_150,Am2-150,paint_person,15,1 0,14.3246,vertical,6,5130,3696,1938,1274,512,0.4581,46.2199,22.6297,22.4423,26.8713,26.8713,26.8713,32.6896,-1,1049,1049,1049,374
am2_window_00_frame_150,Am2-150,paint_observations,30,2 0,3.2564,horizontal,5,3800,1760,1704,1162,512,0.5027,6.5543,6.5543,5.1622,5.1622,5.1622,8.8668,8.8668,-1,-1,-1,2,2
am2_window_00_frame_150,Am2-150,paint_observations,30,2 0,3.2564,vertical,6,5130,3770,2136,1240,512,0.4867,6.5543,6.5543,3.3076,3.3076,3.3076,3.3076,3.3076,238,238,238,238,238
am2_window_00_frame_150,Am2-150,person_observations,30,2 0,3.2564,horizontal,5,15600,9328,7786,4922,512,0.6013,8.6567,5.432,5.1622,5.1622,5.1622,5.2008,5.2008,-1,-1,-1,6,6
am2_window_00_frame_150,Am2-150,person_observations,30,2 0,3.2564,vertical,6,13050,10978,6172,3078,512,0.5732,8.6567,5.432,3.2451,3.2451,3.2451,3.2451,4.6119,568,568,568,568,429
am2_window_01_frame_28019,Am2-28019,baseline,15,1 0,2.9722,horizontal,5,18920,12698,11582,7102,512,0.6549,61.6207,5.9399,3.6671,3.6671,3.6671,4.9309,4.9309,-1,-1,-1,3,3
am2_window_01_frame_28019,Am2-28019,baseline,15,1 0,2.9722,vertical,6,12180,9718,6348,3958,512,0.6142,61.6207,5.9399,3.1515,3.1515,3.1515,3.9427,60.9274,-1,-1,-1,729,345
am2_window_01_frame_28019,Am2-28019,person,15,1 0,5.1996,horizontal,5,15600,10756,10020,6308,512,0.606,4.6218,4.6218,4.8431,4.8431,4.8431,4.8431,4.8431,78,78,78,78,78
am2_window_01_frame_28019,Am2-28019,person,15,1 0,5.1996,vertical,6,9750,7470,3740,2582,512,0.5205,4.6218,4.6218,4.8208,4.8208,4.8208,4.84,4.84,-1,-1,-1,3,3
am2_window_01_frame_28019,Am2-28019,paint,15,1 0,2.684,horizontal,5,4200,2214,2170,1504,512,0.4908,5.2466,5.2466,3.0669,3.0669,3.0669,5.6523,5.6523,-1,-1,-1,43,43
am2_window_01_frame_28019,Am2-28019,paint,15,1 0,2.684,vertical,6,3600,2204,1128,774,512,0.3937,5.2466,5.2466,3.1315,3.1315,3.1315,3.1315,3.1315,-1,-1,-1,413,413
am2_window_01_frame_28019,Am2-28019,paint_person,27,1 13,0.607,horizontal,5,2720,1012,978,604,512,0.4161,3.4733,3.4733,0.5987,0.5987,0.5987,4.3908,4.3908,-1,-1,-1,5,5
am2_window_01_frame_28019,Am2-28019,paint_person,27,1 13,0.607,vertical,6,2730,1294,542,386,386,0.2866,3.4733,3.4733,0.9972,0.9972,0.9972,4.018,4.018,-1,-1,-1,10,10
am2_window_01_frame_28019,Am2-28019,paint_observations,15,1 0,2.9722,horizontal,5,2400,602,562,298,298,0.3484,7.553,7.553,3.6671,3.6671,3.6671,4.9634,4.9634,-1,-1,-1,1,1
am2_window_01_frame_28019,Am2-28019,paint_observations,15,1 0,2.9722,vertical,6,3150,1628,1176,764,512,0.3924,7.553,7.553,3.6001,3.6001,3.6001,5.5156,5.5156,-1,-1,-1,1,1
am2_window_01_frame_28019,Am2-28019,person_observations,15,1 0,2.9722,horizontal,5,16400,8990,7874,4366,512,0.6215,5.9399,5.9399,3.6671,3.6671,3.6671,4.9309,4.9309,-1,-1,-1,2,2
am2_window_01_frame_28019,Am2-28019,person_observations,15,1 0,2.9722,vertical,6,8280,5514,4122,2632,512,0.5271,5.9399,5.9399,3.1515,3.1515,3.1515,3.9427,3.9427,-1,-1,-1,190,190
am3_window_00_frame_0,Am3-0,baseline,43,2 14,3.7492,horizontal,5,66420,56352,47470,23758,512,0.8844,4.2708,4.2708,5.0763,5.0763,5.0763,5.2329,5.3944,-1,-1,-1,6585,366
am3_window_00_frame_0,Am3-0,baseline,43,2 14,3.7492,vertical,6,14880,11922,3044,1930,512,0.5406,4.2708,4.2708,3.4314,3.4314,3.4314,3.9241,3.9241,-1,-1,-1,15,15
am3_window_00_frame_0,Am3-0,person,42,2 13,4.1533,horizontal,5,66420,56692,47522,23980,512,0.8841,35.5327,5.295,5.69,5.69,5.69,6.2413,48.0445,-1,-1,-1,2660,238
am3_window_00_frame_0,Am3-0,person,42,2 13,4.1533,vertical,6,14880,11804,3042,1898,512,0.5457,35.5327,5.295,4.5952,4.5952,4.5952,5.0681,5.0681,-1,-1,-1,370,370
am3_window_00_frame_0,Am3-0,paint,16,1 2,9.0149,horizontal,5,560,160,160,98,98,0.2911,11.1136,11.1136,9.0134,9.0134,9.0134,9.3046,9.3046,-1,-1,-1,65,65
am3_window_00_frame_0,Am3-0,paint,16,1 2,9.0149,vertical,6,3150,1622,456,274,274,0.3314,11.1136,11.1136,9.506,9.506,9.506,9.506,9.506,35,35,35,35,35
am3_window_00_frame_0,Am3-0,paint_person,24,1 10,4.6579,horizontal,5,720,166,166,92,92,0.393,8.818,8.818,7.2407,7.2407,7.2407,9.6797,9.6797,-1,-1,-1,1,1
am3_window_00_frame_0,Am3-0,paint_person,24,1 10,4.6579,vertical,6,3150,1900,462,288,288,0.3264,8.818,8.818,4.59,4.59,4.59,4.838,4.838,-1,-1,-1,28,28
am3_window_00_frame_0,Am3-0,paint_observations,43,2 14,3.7492,horizontal,5,560,138,138,66,66,0.3988,6.1925,6.1925,5.0763,5.0763,5.0763,6.2763,6.2763,-1,-1,-1,1,1
am3_window_00_frame_0,Am3-0,paint_observations,43,2 14,3.7492,vertical,6,3150,1894,458,290,290,0.3196,6.1925,6.1925,3.4314,3.4314,3.4314,3.9241,3.9241,-1,-1,-1,8,8
am3_window_00_frame_0,Am3-0,person_observations,43,2 14,3.7492,horizontal,5,66420,56352,47470,23758,512,0.8844,4.2708,4.2708,5.0763,5.0763,5.0763,5.2329,5.3944,-1,-1,-1,6584,367
am3_window_00_frame_0,Am3-0,person_observations,43,2 14,3.7492,vertical,6,14880,11922,3044,1930,512,0.5406,4.2708,4.2708,3.4314,3.4314,3.4314,3.9241,3.9241,-1,-1,-1,14,14
shuttleset_03_scene_0017,SS03-17,baseline,1,0 2,1.9829,horizontal,5,6000,1974,1890,1064,512,0.4912,3.5114,3.5114,3.3724,3.3724,3.3724,3.3724,3.3724,506,506,506,506,506
shuttleset_03_scene_0017,SS03-17,baseline,1,0 2,1.9829,vertical,6,60480,47928,20046,10254,512,0.6889,3.5114,3.5114,2.2207,2.2207,2.2207,2.2207,3.0026,684,684,684,684,214
shuttleset_03_scene_0017,SS03-17,person,1,0 2,1.9829,horizontal,5,6000,1974,1890,1064,512,0.4912,3.5114,3.5114,3.3724,3.3724,3.3724,3.3724,3.3724,506,506,506,506,506
shuttleset_03_scene_0017,SS03-17,person,1,0 2,1.9829,vertical,6,56730,44546,18098,9484,512,0.683,3.5114,3.5114,2.2422,2.2422,2.2422,3.0026,3.0026,-1,-1,-1,78,78
shuttleset_03_scene_0017,SS03-17,paint,1,0 2,2.1159,horizontal,5,1560,348,348,192,192,0.3996,3.0547,3.0547,2.3053,2.3053,2.3053,2.3087,2.3087,-1,-1,-1,8,8
shuttleset_03_scene_0017,SS03-17,paint,1,0 2,2.1159,vertical,6,41340,30944,11366,5886,512,0.6169,3.0547,3.0547,2.134,2.134,2.134,3.0356,3.0356,-1,-1,-1,27,27
shuttleset_03_scene_0017,SS03-17,paint_person,1,0 2,2.0581,horizontal,5,1820,396,396,234,234,0.3714,2.2513,2.2513,2.2503,2.2503,2.2503,2.2503,2.2503,129,129,129,129,129
shuttleset_03_scene_0017,SS03-17,paint_person,1,0 2,2.0581,vertical,6,38250,28438,9458,4820,512,0.6047,2.2513,2.2513,2.0592,2.0592,2.0592,2.0592,2.0592,24,24,24,24,24
shuttleset_03_scene_0017,SS03-17,paint_observations,1,0 2,1.9829,horizontal,5,1820,478,476,272,272,0.3461,3.5114,3.5114,3.3724,3.3724,3.3724,3.3724,3.3724,134,134,134,134,134
shuttleset_03_scene_0017,SS03-17,paint_observations,1,0 2,1.9829,vertical,6,38250,28744,10170,5376,512,0.6059,3.5114,3.5114,2.2207,2.2207,2.2207,2.2207,2.2207,146,146,146,146,146
shuttleset_03_scene_0017,SS03-17,person_observations,1,0 2,1.9829,horizontal,5,6000,1974,1890,1064,512,0.4912,3.5114,3.5114,3.3724,3.3724,3.3724,3.3724,3.3724,506,506,506,506,506
shuttleset_03_scene_0017,SS03-17,person_observations,1,0 2,1.9829,vertical,6,56730,44546,18098,9484,512,0.683,3.5114,3.5114,2.2422,2.2422,2.2422,3.0026,3.0026,-1,-1,-1,172,172
shuttleset_03_scene_0019,SS03-19,baseline,1,0 2,2.2689,horizontal,5,4620,1380,1336,758,512,0.4478,3.134,3.134,2.747,2.747,2.747,3.1899,3.1899,-1,-1,-1,7,7
shuttleset_03_scene_0019,SS03-19,baseline,1,0 2,2.2689,vertical,6,76680,61346,22518,9469,512,0.7124,3.134,3.134,2.8538,2.8538,2.8538,2.8774,2.8774,-1,-1,-1,325,325
shuttleset_03_scene_0019,SS03-19,person,137,9 2,4.5466,horizontal,5,4200,1044,1004,564,512,0.4114,7.9066,5.0631,4.6912,4.6912,4.6912,5.4023,5.4023,-1,-1,-1,0,0
shuttleset_03_scene_0019,SS03-19,person,137,9 2,4.5466,vertical,6,19980,13204,6908,3396,512,0.5098,7.9066,5.0631,4.6024,4.6024,4.6024,4.6024,8.4869,2447,2447,2447,2447,486
shuttleset_03_scene_0019,SS03-19,paint,2,0 3,3.6861,horizontal,5,1560,252,248,136,136,0.4081,4.4751,4.4751,3.6241,3.6241,3.6241,4.4841,4.4841,-1,-1,-1,3,3
shuttleset_03_scene_0019,SS03-19,paint,2,0 3,3.6861,vertical,6,19980,13639,7542,3586,512,0.5742,4.4751,4.4751,3.6768,3.6768,3.6768,3.6768,3.6768,-1,-1,-1,37,37
shuttleset_03_scene_0019,SS03-19,paint_person,1,0 2,3.2381,horizontal,5,1560,286,282,154,154,0.4022,6.3335,3.7441,3.6336,3.6336,3.6336,3.7765,3.7765,-1,-1,-1,5,5
shuttleset_03_scene_0019,SS03-19,paint_person,1,0 2,3.2381,vertical,6,42930,32066,10810,4800,512,0.6051,6.3335,3.7441,3.4119,3.4119,3.4119,3.4119,6.4431,-1,-1,-1,541,24
shuttleset_03_scene_0019,SS03-19,paint_observations,1,0 2,2.2689,horizontal,5,1560,288,286,150,150,0.4105,3.134,3.134,2.747,2.747,2.747,3.1899,3.1899,-1,-1,-1,4,4
shuttleset_03_scene_0019,SS03-19,paint_observations,1,0 2,2.2689,vertical,6,47880,35892,12682,5640,512,0.6335,3.134,3.134,2.8538,2.8538,2.8538,2.8774,2.8774,-1,-1,-1,70,70
shuttleset_03_scene_0019,SS03-19,person_observations,1,0 2,2.2689,horizontal,5,4200,1096,1056,584,512,0.4126,3.134,3.134,2.747,2.747,2.747,3.1899,3.1899,-1,-1,-1,6,6
shuttleset_03_scene_0019,SS03-19,person_observations,1,0 2,2.2689,vertical,6,70380,56136,19942,8761,512,0.6974,3.134,3.134,2.8774,2.8774,2.8774,2.8774,2.8774,1466,1466,1466,1466,368
shuttleset_03_scene_0016,SS03-16,baseline,1,0 2,1.5011,horizontal,5,5520,1932,1812,962,512,0.5118,2.3283,2.3283,2.359,2.359,2.359,2.359,2.359,32,32,32,32,32
shuttleset_03_scene_0016,SS03-16,baseline,1,0 2,1.5011,vertical,6,60480,47168,18098,8358,512,0.6826,2.3283,2.3283,1.4917,1.4917,1.4917,1.531,1.531,-1,-1,-1,167,167
shuttleset_03_scene_0016,SS03-16,person,1,0 2,5.0816,horizontal,5,5520,1968,1848,1036,512,0.5217,28.1372,5.1891,5.0915,5.0915,5.0915,5.0915,5.0915,7,7,7,7,7
shuttleset_03_scene_0016,SS03-16,person,1,0 2,5.0816,vertical,6,53100,39684,16114,6672,512,0.6028,28.1372,5.1891,4.9479,4.9479,4.9479,5.18,28.5165,-1,-1,-1,857,417
shuttleset_03_scene_0016,SS03-16,paint,1,0 2,2.0264,horizontal,5,2400,658,630,358,358,0.3441,2.6792,2.6792,2.9722,2.9722,2.9722,2.9722,2.9722,7,7,7,7,7
shuttleset_03_scene_0016,SS03-16,paint,1,0 2,2.0264,vertical,6,46200,35932,13232,6134,512,0.6528,2.6792,2.6792,2.1804,2.1804,2.1804,2.2481,2.2481,-1,-1,-1,6,6
shuttleset_03_scene_0016,SS03-16,paint_person,1,0 2,2.0299,horizontal,5,2400,658,630,360,360,0.3436,3.0936,3.0936,2.9707,2.9707,2.9707,2.9707,2.9707,7,7,7,7,7
shuttleset_03_scene_0016,SS03-16,paint_person,1,0 2,2.0299,vertical,6,44550,34480,12468,5660,512,0.6467,3.0936,3.0936,2.2214,2.2214,2.2214,2.4771,2.4771,-1,-1,-1,2,2
shuttleset_03_scene_0016,SS03-16,paint_observations,1,0 2,1.5011,horizontal,5,1820,440,436,234,234,0.3957,2.3283,2.3283,2.359,2.359,2.359,2.359,2.359,8,8,8,8,8
shuttleset_03_scene_0016,SS03-16,paint_observations,1,0 2,1.5011,vertical,6,35280,26472,10244,5002,512,0.6223,2.3283,2.3283,1.4917,1.4917,1.4917,1.531,1.531,-1,-1,-1,59,59
shuttleset_03_scene_0016,SS03-16,person_observations,1,0 2,1.5011,horizontal,5,5520,1932,1812,962,512,0.5118,3.712,2.3283,2.359,2.359,2.359,2.359,2.359,32,32,32,32,32
shuttleset_03_scene_0016,SS03-16,person_observations,1,0 2,1.5011,vertical,6,58590,45546,17196,8060,512,0.6739,3.712,2.3283,1.531,1.531,1.531,1.5725,3.6673,-1,-1,-1,523,196
shuttleset_21_scene_0020,SS21-20,baseline,0,0 1,1.0335,horizontal,5,8120,2678,2406,1230,512,0.5273,1.6483,1.6483,1.4025,1.4025,1.4025,1.4025,1.4025,0,0,0,0,0
shuttleset_21_scene_0020,SS21-20,baseline,0,0 1,1.0335,vertical,6,46200,35944,17918,9162,512,0.7292,1.6483,1.6483,1.6976,1.6976,1.6976,1.7864,1.7864,-1,-1,-1,26,26
shuttleset_21_scene_0020,SS21-20,person,0,0 1,4.4818,horizontal,5,8120,2662,2390,1228,512,0.534,27.9474,4.7828,4.7007,4.7007,4.7007,4.7231,4.7231,-1,-1,-1,6,6
shuttleset_21_scene_0020,SS21-20,person,0,0 1,4.4818,vertical,6,42930,32844,16962,7064,512,0.651,27.9474,4.7828,4.48,4.48,4.48,4.7598,28.3288,-1,-1,-1,1345,364
shuttleset_21_scene_0020,SS21-20,paint,31,2 1,12.2641,horizontal,5,1820,302,288,138,138,0.4114,13.579,13.579,11.7833,11.7833,11.7833,12.0273,12.0273,-1,-1,-1,95,95
shuttleset_21_scene_0020,SS21-20,paint,31,2 1,12.2641,vertical,6,3150,1296,570,266,266,0.3211,13.579,13.579,13.9739,14.1673,14.1673,14.1673,14.1673,-1,42,42,42,42
shuttleset_21_scene_0020,SS21-20,paint_person,31,2 1,12.2973,horizontal,5,1820,306,292,138,138,0.4117,13.5865,13.5865,11.7874,11.7874,11.7874,12.0716,12.0716,-1,-1,-1,90,90
shuttleset_21_scene_0020,SS21-20,paint_person,31,2 1,12.2973,vertical,6,3150,1296,570,266,266,0.3211,13.5865,13.5865,14.0081,14.2016,14.2016,14.2016,14.2016,-1,43,43,43,43
shuttleset_21_scene_0020,SS21-20,paint_observations,0,0 1,1.0335,horizontal,5,1820,338,324,158,158,0.4079,1.495,1.495,1.4025,1.4025,1.4025,1.4025,1.4025,0,0,0,0,0
shuttleset_21_scene_0020,SS21-20,paint_observations,0,0 1,1.0335,vertical,6,22230,14586,6980,3868,512,0.5896,1.495,1.495,1.7123,1.7123,1.7123,1.7125,1.7125,-1,-1,-1,6,6
shuttleset_21_scene_0020,SS21-20,person_observations,0,0 1,1.0335,horizontal,5,8120,2678,2406,1230,512,0.5273,1.6464,1.6464,1.4025,1.4025,1.4025,1.4025,1.4025,0,0,0,0,0
shuttleset_21_scene_0020,SS21-20,person_observations,0,0 1,1.0335,vertical,6,42930,33022,16612,8642,512,0.7125,1.6464,1.6464,1.7067,1.7067,1.7067,1.7844,1.7844,-1,-1,-1,30,30
