path,bytes,md5
paint/all_camera/am2_window_00_frame_150.json.gz,7161596,ba045e17ab856e3003b6cb460ac78fca
paint/all_camera/am2_window_01_frame_28019.json.gz,4048800,f4602b782dd76227616bbd349d2e9b85
paint/all_camera/am3_window_00_frame_0.json.gz,4693285,7cc6939b7e4d5a6ee87ab2d37f4501e0
paint/all_camera/gxBQ_window_00_frame_0.json.gz,6205772,9fc161fec96ab5aec4aab9425bf9e0db
paint/all_camera/gxBQ_window_00_frame_5.json.gz,7463113,dd35507d7e625d33f92f5ea2c620110d
paint/all_camera/shuttleset_03_scene_0016.json.gz,9160744,2805f789e1f87867d2326792fbc2ffee
paint/all_camera/shuttleset_03_scene_0017.json.gz,9829638,ae7c0fcc877f6d44b6c798098e290c33
paint/all_camera/shuttleset_03_scene_0019.json.gz,9759851,cb310f58ddbc611990bcc5a4fb75f240
paint/all_camera/shuttleset_21_scene_0020.json.gz,5810523,c9a8c83a184ce9e37435dff0a2b59959
paint/camera_first/am2_window_00_frame_150.json.gz,6693973,609b6773c6398e918054f120291c3af7
paint/camera_first/am2_window_01_frame_28019.json.gz,3382564,9bc79cf40f0602df9cd2b2a694f084cc
paint/camera_first/am3_window_00_frame_0.json.gz,3123338,16132dbcae14358e9284ff8cf3382031
paint/camera_first/gxBQ_window_00_frame_0.json.gz,5008383,8f5d51175818a4f0ad1cce93e846f706
paint/camera_first/gxBQ_window_00_frame_5.json.gz,6183786,3640127ff1bf04c9f63cfdebd7b7d73d
paint/camera_first/shuttleset_03_scene_0016.json.gz,5274153,ae1e1f0aca772ed11a467353e53deb69
paint/camera_first/shuttleset_03_scene_0017.json.gz,6510384,70737cc6cfd3e3013e9ea2613be57f7d
paint/camera_first/shuttleset_03_scene_0019.json.gz,7034510,260abdd64a3e3965110fc88150e0ed51
paint/camera_first/shuttleset_21_scene_0020.json.gz,4258570,a7609fb07488b09d0d64479d584289c4
paint/results/am2_window_00_frame_150.json.gz,6374305,8ff375df711d1467abb4d11a814f3401
paint/results/am2_window_01_frame_28019.json.gz,3223961,bcc6320f925b942714cd78a4057dea62
paint/results/am3_window_00_frame_0.json.gz,3020122,46cf7986b2fdf33a90cb690ab6a7f88d
paint/results/gxBQ_window_00_frame_0.json.gz,4740281,5312aa552090a93701f022c26e4b4360
paint/results/gxBQ_window_00_frame_5.json.gz,5960232,1ab6a78bc1dc10204b83f5293aff4f37
paint/results/shuttleset_03_scene_0016.json.gz,5027624,7d5b9b25b05d8145392d5055b1edf19d
paint/results/shuttleset_03_scene_0017.json.gz,6207027,b0b4faff0c75df0fd5f1eb0873ef15a8
paint/results/shuttleset_03_scene_0019.json.gz,6684128,6bf715a74cea459485c793d5e3f59a69
paint/results/shuttleset_21_scene_0020.json.gz,4102478,228b0441c3f0dbfd85d32fd341f639f0
paint_observations/all_camera/am2_window_00_frame_150.json.gz,3065720,c8788e84be5728cfe892407a548ce99b
paint_observations/all_camera/am2_window_01_frame_28019.json.gz,2667911,ef731c0c75250bab215089fe5b7632f4
paint_observations/all_camera/am3_window_00_frame_0.json.gz,2809128,88a62da61c6ce9d44e3d8c98ddf16bdb
paint_observations/all_camera/gxBQ_window_00_frame_0.json.gz,9903672,dab47dcd6d939e0330c382529bc963fd
paint_observations/all_camera/gxBQ_window_00_frame_5.json.gz,8362133,894bfa9fa6fed13f5eb424881853a54b
paint_observations/all_camera/shuttleset_03_scene_0016.json.gz,9423372,fa909f4401d1d838ff8bd3dfc543a5f8
paint_observations/all_camera/shuttleset_03_scene_0017.json.gz,10751453,32e0f5c06ebd1e64df47a6a0c7eb4cda
paint_observations/all_camera/shuttleset_03_scene_0019.json.gz,8712532,333a888c688c0955929b65ad71c500a9
paint_observations/all_camera/shuttleset_21_scene_0020.json.gz,4404478,dea20bc91b2e50aacd1d101fa1f1b539
paint_observations/camera_first/am2_window_00_frame_150.json.gz,3083600,72605ae4656cbac03441ccab8fa7871e
paint_observations/camera_first/am2_window_01_frame_28019.json.gz,2470836,9987fa530b4c04cebfe5bed937ec7387
paint_observations/camera_first/am3_window_00_frame_0.json.gz,2260892,f2298479acb7e1065b16c2782bb37e45
paint_observations/camera_first/gxBQ_window_00_frame_0.json.gz,6874484,4861c664c81d277efe5804f07d2603fb
paint_observations/camera_first/gxBQ_window_00_frame_5.json.gz,5622083,5a818907cd908e15f1a93616d17d7793
paint_observations/camera_first/shuttleset_03_scene_0016.json.gz,5439487,482aecc70889e3e327dba3e8fd05a74c
paint_observations/camera_first/shuttleset_03_scene_0017.json.gz,6750646,03db0f028a4f8406506c3994d47ef0ec
paint_observations/camera_first/shuttleset_03_scene_0019.json.gz,4021295,dea42c50b660895039cce32a9cc63048
paint_observations/camera_first/shuttleset_21_scene_0020.json.gz,2507767,97d2232527048add4fc26749f0f17475
paint_observations/results/am2_window_00_frame_150.json.gz,2968422,e38e2532dec147ac6385331c5bcd7abf
paint_observations/results/am2_window_01_frame_28019.json.gz,2428141,15d8f1ff9de601abb368609c893435f0
paint_observations/results/am3_window_00_frame_0.json.gz,2178892,d258c9ae645e6175b7867a05f18a3e8a
paint_observations/results/gxBQ_window_00_frame_0.json.gz,6558571,e74c43372e13d76acda8acca95b3697b
paint_observations/results/gxBQ_window_00_frame_5.json.gz,5313988,716c54e934b57a4a68773672e56d9b6a
paint_observations/results/shuttleset_03_scene_0016.json.gz,5224073,87fc691f6d4801e5e3c96912e433b9c2
paint_observations/results/shuttleset_03_scene_0017.json.gz,6447196,dac0c2009c969de0922a2398bc72d7c8
paint_observations/results/shuttleset_03_scene_0019.json.gz,3847328,b558282fba514ab292d62c381698e155
paint_observations/results/shuttleset_21_scene_0020.json.gz,2419770,ab0631f6ef437526c117e27136b43202
person/all_camera/am2_window_00_frame_150.json.gz,9154540,98e2e5bbecc588f7b0c42726ea9fcf90
person/all_camera/am2_window_01_frame_28019.json.gz,6204821,10d87ba0beabf203fe2f4375fbaaba04
person/all_camera/am3_window_00_frame_0.json.gz,10888436,f2a653db0f57e049600c45508e370281
person/all_camera/gxBQ_window_00_frame_0.json.gz,18711199,bc64102005bcc32788563af69a81d6f3
person/all_camera/gxBQ_window_00_frame_5.json.gz,21333879,423e41322a61f80ff9a7c05c843dd0cc
person/all_camera/shuttleset_03_scene_0016.json.gz,15943427,f4cff049c0688afa520226a37110513b
person/all_camera/shuttleset_03_scene_0017.json.gz,15454001,07872129ec844f4d5fddb3655f0d57ee
person/all_camera/shuttleset_03_scene_0019.json.gz,18212460,6fc6b15e0b48fad156631c89ba63aa12
person/all_camera/shuttleset_21_scene_0020.json.gz,11399267,9832a76add5109dda4c255b5ab25698b
person/camera_first/am2_window_00_frame_150.json.gz,7459754,6b86e50de18e1972a2ef9d032ce3166d
person/camera_first/am2_window_01_frame_28019.json.gz,5283424,05b2ee6d38e146f2eb463260a5a3f009
person/camera_first/am3_window_00_frame_0.json.gz,7923992,696e29bdb3e37f3c806b00c884272a22
person/camera_first/gxBQ_window_00_frame_0.json.gz,10986951,fbecb2f5c8bd1b8aeb3a5023aadad4f4
person/camera_first/gxBQ_window_00_frame_5.json.gz,10483043,ea5f2457a3d658544c3d5a780101956b
person/camera_first/shuttleset_03_scene_0016.json.gz,8622248,d9c9281a55bad4f2439e6a5c7349b95e
person/camera_first/shuttleset_03_scene_0017.json.gz,9686361,de1d3df1a10116844964f5c495ffb6ec
person/camera_first/shuttleset_03_scene_0019.json.gz,9690880,466ed057e053bb7d2681ff587e589d96
person/camera_first/shuttleset_21_scene_0020.json.gz,7609731,ba34a0642cfc6747e12197fe65b2b6da
person/results/am2_window_00_frame_150.json.gz,6993612,51b12f08523e05f8750b840f3fdd6a61
person/results/am2_window_01_frame_28019.json.gz,5073966,a055ebfc91bf5efacc088ecd3b48095e
person/results/am3_window_00_frame_0.json.gz,7846871,77a07c02d3efdb58b2a77342efabad68
person/results/gxBQ_window_00_frame_0.json.gz,10529966,67a5fe2168967e2e79d26115705a8be2
person/results/gxBQ_window_00_frame_5.json.gz,10066470,5814da415ea21e42eca8fd38209945f6
person/results/shuttleset_03_scene_0016.json.gz,8294703,fb58b9c41da43f754efcedc8acfec990
person/results/shuttleset_03_scene_0017.json.gz,9304769,cfdc791ddf59412ade641f236194eb99
person/results/shuttleset_03_scene_0019.json.gz,9274712,ddf3bb6c9e28c16e9efc5ed1e393c32b
person/results/shuttleset_21_scene_0020.json.gz,7278177,b12df9a9379e9a763139ff03fc6e3a4b
person_observations/all_camera/am2_window_00_frame_150.json.gz,8087609,85e9da7a1d831cdaf53fcb69352fa482
person_observations/all_camera/am2_window_01_frame_28019.json.gz,6480040,340e34064f0f59ff810a01abebbca3d0
person_observations/all_camera/am3_window_00_frame_0.json.gz,11598012,5127ebe603bde71ab37d37415f120295
person_observations/all_camera/gxBQ_window_00_frame_0.json.gz,23766117,330772652b97f70c667bfd10db567478
person_observations/all_camera/gxBQ_window_00_frame_5.json.gz,22141502,1238b87852ab068621120c17bc5efe80
person_observations/all_camera/shuttleset_03_scene_0016.json.gz,19142415,8637161ba3329f57bd429779f2d6db75
person_observations/all_camera/shuttleset_03_scene_0017.json.gz,15519544,5c5fcf215d9752f1220550de863498ec
person_observations/all_camera/shuttleset_03_scene_0019.json.gz,15652256,60dda1eddbda05624a7f0d58edd6d21b
person_observations/all_camera/shuttleset_21_scene_0020.json.gz,12769979,3672a0078f79d592b5e1fd62a5321a13
person_observations/camera_first/am2_window_00_frame_150.json.gz,6507091,dc11ee989c3e81e47ad57ba54107686d
person_observations/camera_first/am2_window_01_frame_28019.json.gz,4971011,1e7e018899bf79e76ac56731fc587c62
person_observations/camera_first/am3_window_00_frame_0.json.gz,7983905,0bcad239e4e0f784652e1facc00f0feb
person_observations/camera_first/gxBQ_window_00_frame_0.json.gz,11427343,baa32cbe9606e63b6199e56b412b30c6
person_observations/camera_first/gxBQ_window_00_frame_5.json.gz,10901071,e571baaeff779f9b792c55eb3493cef0
person_observations/camera_first/shuttleset_03_scene_0016.json.gz,10154927,9cbf656829026df8daa3026a48a9c5ab
person_observations/camera_first/shuttleset_03_scene_0017.json.gz,9615652,ed2e5735fe378e5fcb8a11f7a8a17f08
person_observations/camera_first/shuttleset_03_scene_0019.json.gz,7675346,50e19f9d437c6f770a393ce344fe563c
person_observations/camera_first/shuttleset_21_scene_0020.json.gz,7676180,857656749daf9d22d2f25edd35cfb651
person_observations/results/am2_window_00_frame_150.json.gz,6125873,cbd50299f5e0af269c64a47700781c00
person_observations/results/am2_window_01_frame_28019.json.gz,4781727,3a1a89c7e2b77d2d7e662dac5aaa6ea0
person_observations/results/am3_window_00_frame_0.json.gz,7867301,3c4bb6e901f34d5c515ca264e3f53a8f
person_observations/results/gxBQ_window_00_frame_0.json.gz,11014316,2a912516f0b0a50503d800a795e83753
person_observations/results/gxBQ_window_00_frame_5.json.gz,10414116,00632e1426eacea8cc452076a7de4de4
person_observations/results/shuttleset_03_scene_0016.json.gz,9727899,7e133ab09362719f29242f350998ef08
person_observations/results/shuttleset_03_scene_0017.json.gz,9221705,a99bb7798db5a3751bc81b6ecf529578
person_observations/results/shuttleset_03_scene_0019.json.gz,7307858,f046fd284229728eb9c125422aea5afc
person_observations/results/shuttleset_21_scene_0020.json.gz,7354333,3b14ace7647218746767f53cdb6e04cc
