algorithmic_runtime_ratio,parallel_fraction,workers,modeled_slowest_scene_s,note
0.9,0.92,8,133.77609999999999,"optimistic parallel fraction; target-sizing model, not measurement"
0.9,0.92,16,95.86404999999999,"optimistic parallel fraction; target-sizing model, not measurement"
0.9,0.92,24,83.22669999999998,"optimistic parallel fraction; target-sizing model, not measurement"
0.85,0.92,8,126.89965,"optimistic parallel fraction; target-sizing model, not measurement"
0.85,0.92,16,91.093825,"optimistic parallel fraction; target-sizing model, not measurement"
0.85,0.92,24,79.15854999999999,"optimistic parallel fraction; target-sizing model, not measurement"
0.8,0.92,8,120.0232,"optimistic parallel fraction; target-sizing model, not measurement"
0.8,0.92,16,86.3236,"optimistic parallel fraction; target-sizing model, not measurement"
0.8,0.92,24,75.0904,"optimistic parallel fraction; target-sizing model, not measurement"
