court_id,origin_key,origin_candidate_id,selection_roles,line_rank_at_origin,paint_rank_at_origin,scoring_case_id,frame_index,nominal_seconds,score_source,status,geometry_valid,camera_error,floor_score,line_score,line_forward,line_reverse,paint_profile_score,paint_profile_vector,reference_max_corner_working_px
gxBQ_window_00_frame_0::106:93733,gxBQ_window_00_frame_0,106:93733,line_top8,4,,gxBQ_window_00_frame_0,0,0.0,saved_origin_record,ok,True,0.09805463144489604,-1.0,0.3044315591637261,0.5732641384228286,0.03559897990462362,0.25,"[0.0,0.0,null,null,null,0.0,1.0,0.0,1.0,0.0,0.0]",
gxBQ_window_00_frame_0::106:93733,gxBQ_window_00_frame_0,106:93733,line_top8,4,,gxBQ_window_00_frame_5,5,0.08349336227769892,rescored_target_frame,ok,True,0.09805463144489605,-1.0,0.29867819909754345,0.5626523978358624,0.03470400035922446,0.25,"[0.0,0.0,null,null,null,0.0,1.0,0.0,1.0,0.0,0.0]",
gxBQ_window_00_frame_0::106:93733,gxBQ_window_00_frame_0,106:93733,line_top8,4,,gxBQ_window_00_frame_689,689,11.505385321866912,rescored_target_frame,ok,True,0.09805463144489605,-1.0,0.30820223765006144,0.5833694475286189,0.03303502777150399,0.25,"[0.0,0.0,null,null,null,0.0,1.0,0.0,1.0,0.0,0.0]",
gxBQ_window_00_frame_0::106:93733,gxBQ_window_00_frame_0,106:93733,line_top8,4,,gxBQ_window_01_frame_5111,5111,85.34691492026384,rescored_target_frame,ok,True,0.09805463144489605,-1.0,0.3010150193460599,0.5686452782311823,0.03338476046093755,0.25,"[0.0,0.0,null,null,null,0.0,1.0,0.0,1.0,0.0,0.0]",
gxBQ_window_00_frame_0::106:93733,gxBQ_window_00_frame_0,106:93733,line_top8,4,,gxBQ_window_02_frame_5766,5766,96.2845453786424,rescored_target_frame,ok,True,0.09805463144489605,-1.0,0.30697823967543375,0.5807542612838789,0.03320221806698867,0.25,"[0.0,0.0,null,null,null,0.0,1.0,0.0,1.0,0.0,0.0]",
gxBQ_window_00_frame_0::106:93733,gxBQ_window_00_frame_0,106:93733,line_top8,4,,gxBQ_window_03_frame_77876,77876,1300.4258161476164,rescored_target_frame,ok,True,0.09805463144489605,-1.0,0.21828609068173557,0.4120574534713135,0.02451472789215764,0.25,"[0.0,0.0,null,null,null,0.0,1.0,0.0,1.0,0.0,0.0]",
gxBQ_window_00_frame_0::106:93733,gxBQ_window_00_frame_0,106:93733,line_top8,4,,gxBQ_window_04_frame_86088,86088,1437.555314352509,rescored_target_frame,ok,True,0.09805463144489605,-1.0,0.2190999324237359,0.4143201924149383,0.023879672432533534,0.25,"[0.0,0.0,null,null,null,0.0,1.0,0.0,1.0,0.0,0.0]",
gxBQ_window_00_frame_0::106:93784,gxBQ_window_00_frame_0,106:93784,line_top8,3,,gxBQ_window_00_frame_0,0,0.0,saved_origin_record,ok,True,0.09442867847969477,-1.0,0.3091690483396858,0.5774779076452334,0.04086018903413813,0.125,"[0.0,0.0,null,null,null,1.0,0.0,0.0,0.0,0.0,0.0]",785.7744621901013
gxBQ_window_00_frame_0::106:93784,gxBQ_window_00_frame_0,106:93784,line_top8,3,,gxBQ_window_00_frame_5,5,0.08349336227769892,rescored_target_frame,ok,True,0.09442867847969479,-1.0,0.3024622232939229,0.5659491818171368,0.038975264770708964,0.125,"[0.0,0.0,null,null,null,1.0,0.0,0.0,0.0,0.0,0.0]",785.7744621901013
gxBQ_window_00_frame_0::106:93784,gxBQ_window_00_frame_0,106:93784,line_top8,3,,gxBQ_window_00_frame_689,689,11.505385321866912,rescored_target_frame,ok,True,0.09442867847969479,-1.0,0.31478189524313815,0.5932303814581336,0.03633340902814275,0.0,"[0.0,0.0,null,null,null,0.0,0.0,0.0,0.0,0.0,0.0]",785.7636409342873
gxBQ_window_00_frame_0::106:93784,gxBQ_window_00_frame_0,106:93784,line_top8,3,,gxBQ_window_01_frame_5111,5111,85.34691492026384,rescored_target_frame,ok,True,0.09442867847969479,-1.0,0.2933688068082789,0.5486900647451156,0.03804754887144218,0.0,"[0.0,0.0,null,null,null,0.0,0.0,0.0,0.0,0.0,0.0]",785.6900815340445
gxBQ_window_00_frame_0::106:93784,gxBQ_window_00_frame_0,106:93784,line_top8,3,,gxBQ_window_02_frame_5766,5766,96.2845453786424,rescored_target_frame,ok,True,0.09442867847969479,-1.0,0.31300280509830636,0.586012150814548,0.039993459382064625,0.0,"[0.0,0.0,null,null,null,0.0,0.0,0.0,0.0,0.0,0.0]",785.734846915643
gxBQ_window_00_frame_0::106:93784,gxBQ_window_00_frame_0,106:93784,line_top8,3,,gxBQ_window_03_frame_77876,77876,1300.4258161476164,rescored_target_frame,ok,True,0.09442867847969479,-1.0,0.2652074224216196,0.4987788739699157,0.031635970873323455,0.0,"[0.0,0.0,null,null,null,0.0,0.0,0.0,0.0,0.0,0.0]",784.8180747465433
gxBQ_window_00_frame_0::106:93784,gxBQ_window_00_frame_0,106:93784,line_top8,3,,gxBQ_window_04_frame_86088,86088,1437.555314352509,rescored_target_frame,ok,True,0.09442867847969479,-1.0,0.27682213053039617,0.5207148045774153,0.03292945648337714,0.0,"[0.0,0.0,null,null,null,0.0,0.0,0.0,0.0,0.0,0.0]",784.5295321395195
gxBQ_window_00_frame_0::106:93818,gxBQ_window_00_frame_0,106:93818,line_top8,5,,gxBQ_window_00_frame_0,0,0.0,saved_origin_record,ok,True,0.09268594494456067,-1.0,0.30105530313612555,0.5636412508181602,0.038469355454090935,0.25,"[0.0,0.0,null,null,null,0.0,1.0,0.0,1.0,0.0,0.0]",799.3963484251087
gxBQ_window_00_frame_0::106:93818,gxBQ_window_00_frame_0,106:93818,line_top8,5,,gxBQ_window_00_frame_5,5,0.08349336227769892,rescored_target_frame,ok,True,0.09268594494456071,-1.0,0.3038109124438987,0.5702153605198582,0.037406464367939166,0.25,"[0.0,0.0,null,null,null,0.0,1.0,0.0,1.0,0.0,0.0]",799.3963484251087
gxBQ_window_00_frame_0::106:93818,gxBQ_window_00_frame_0,106:93818,line_top8,5,,gxBQ_window_00_frame_689,689,11.505385321866912,rescored_target_frame,ok,True,0.09268594494456071,-1.0,0.30544353798725754,0.5762415117915909,0.03464556418292415,0.25,"[0.0,0.0,null,null,null,0.0,1.0,0.0,1.0,0.0,0.0]",799.3855776790341
gxBQ_window_00_frame_0::106:93818,gxBQ_window_00_frame_0,106:93818,line_top8,5,,gxBQ_window_01_frame_5111,5111,85.34691492026384,rescored_target_frame,ok,True,0.09268594494456071,-1.0,0.30275443575271843,0.5678671896055397,0.03764168189989714,0.25,"[0.0,0.0,null,null,null,0.0,1.0,0.0,1.0,0.0,0.0]",799.3106657296972
gxBQ_window_00_frame_0::106:93818,gxBQ_window_00_frame_0,106:93818,line_top8,5,,gxBQ_window_02_frame_5766,5766,96.2845453786424,rescored_target_frame,ok,True,0.09268594494456071,-1.0,0.31891902794748633,0.5995588556905288,0.038279200204443864,0.25,"[0.0,0.0,null,null,null,0.0,1.0,0.0,1.0,0.0,0.0]",799.356691704966
gxBQ_window_00_frame_0::106:93818,gxBQ_window_00_frame_0,106:93818,line_top8,5,,gxBQ_window_03_frame_77876,77876,1300.4258161476164,rescored_target_frame,ok,True,0.09268594494456071,-1.0,0.25655750949451184,0.482635668477382,0.03047935051164164,0.125,"[0.0,0.0,null,null,null,0.0,1.0,0.0,0.0,0.0,0.0]",798.4325041086379
gxBQ_window_00_frame_0::106:93818,gxBQ_window_00_frame_0,106:93818,line_top8,5,,gxBQ_window_04_frame_86088,86088,1437.555314352509,rescored_target_frame,ok,True,0.09268594494456071,-1.0,0.25036507028846977,0.47210629334865006,0.028623847228289447,0.125,"[0.0,0.0,null,null,null,0.0,1.0,0.0,0.0,0.0,0.0]",798.1399001404695
gxBQ_window_00_frame_0::106:93910,gxBQ_window_00_frame_0,106:93910,line_top8,7,,gxBQ_window_00_frame_0,0,0.0,saved_origin_record,ok,True,0.09354711123282444,-1.0,0.298551729332257,0.5579735897978805,0.039129868866633506,0.125,"[0.0,0.0,null,null,null,1.0,0.0,0.0,0.0,0.0,0.0]",
gxBQ_window_00_frame_0::106:93910,gxBQ_window_00_frame_0,106:93910,line_top8,7,,gxBQ_window_00_frame_5,5,0.08349336227769892,rescored_target_frame,ok,True,0.09354711123282448,-1.0,0.2911505119982599,0.5448768881659286,0.03742413583059121,0.125,"[0.0,0.0,null,null,null,1.0,0.0,0.0,0.0,0.0,0.0]",
gxBQ_window_00_frame_0::106:93910,gxBQ_window_00_frame_0,106:93910,line_top8,7,,gxBQ_window_00_frame_689,689,11.505385321866912,rescored_target_frame,ok,True,0.09354711123282448,-1.0,0.31122490374873285,0.5867292624895935,0.035720545007872286,0.0,"[0.0,0.0,null,null,null,0.0,0.0,0.0,0.0,0.0,0.0]",
gxBQ_window_00_frame_0::106:93910,gxBQ_window_00_frame_0,106:93910,line_top8,7,,gxBQ_window_01_frame_5111,5111,85.34691492026384,rescored_target_frame,ok,True,0.09354711123282448,-1.0,0.30128375846639455,0.5653181089606825,0.0372494079721066,0.0,"[0.0,0.0,null,null,null,0.0,0.0,0.0,0.0,0.0,0.0]",
gxBQ_window_00_frame_0::106:93910,gxBQ_window_00_frame_0,106:93910,line_top8,7,,gxBQ_window_02_frame_5766,5766,96.2845453786424,rescored_target_frame,ok,True,0.09354711123282448,-1.0,0.3040062919638573,0.5684651366463435,0.039547447281371106,0.0,"[0.0,0.0,null,null,null,0.0,0.0,0.0,0.0,0.0,0.0]",
gxBQ_window_00_frame_0::106:93910,gxBQ_window_00_frame_0,106:93910,line_top8,7,,gxBQ_window_03_frame_77876,77876,1300.4258161476164,rescored_target_frame,ok,True,0.09354711123282448,-1.0,0.2587406549673369,0.4878735902241162,0.029607719710557562,0.0,"[0.0,0.0,null,null,null,0.0,0.0,0.0,0.0,0.0,0.0]",
gxBQ_window_00_frame_0::106:93910,gxBQ_window_00_frame_0,106:93910,line_top8,7,,gxBQ_window_04_frame_86088,86088,1437.555314352509,rescored_target_frame,ok,True,0.09354711123282448,-1.0,0.27012877650178907,0.5095049483062446,0.030752604697333503,0.125,"[0.0,0.0,null,null,null,0.0,1.0,0.0,0.0,0.0,0.0]",
gxBQ_window_00_frame_0::22:2043,gxBQ_window_00_frame_0,22:2043,paint_top8,,5,gxBQ_window_00_frame_0,0,0.0,saved_origin_record,ok,True,0.007813402398411188,-1.0,0.2905352953209475,0.4937575943366223,0.0873129963052727,0.7272727272727273,"[1.0,1.0,0.0,1.0,0.0,1.0,1.0,0.0,1.0,1.0,1.0]",
gxBQ_window_00_frame_0::22:2043,gxBQ_window_00_frame_0,22:2043,paint_top8,,5,gxBQ_window_00_frame_5,5,0.08349336227769892,rescored_target_frame,ok,True,0.007813402398411188,-1.0,0.290034664682229,0.4954747836992865,0.08459454566517151,0.7272727272727273,"[1.0,1.0,0.0,1.0,0.0,1.0,1.0,0.0,1.0,1.0,1.0]",
gxBQ_window_00_frame_0::22:2043,gxBQ_window_00_frame_0,22:2043,paint_top8,,5,gxBQ_window_00_frame_689,689,11.505385321866912,rescored_target_frame,ok,True,0.007813402398411188,-1.0,0.22685835552485079,0.39384466332305457,0.05987204772664702,0.7727272727272727,"[1.0,1.0,0.5,1.0,0.0,1.0,1.0,0.0,1.0,1.0,1.0]",
gxBQ_window_00_frame_0::22:2043,gxBQ_window_00_frame_0,22:2043,paint_top8,,5,gxBQ_window_01_frame_5111,5111,85.34691492026384,rescored_target_frame,ok,True,0.007813402398411188,-1.0,0.32479997498076807,0.5576806741137533,0.0919192758477828,0.45454545454545453,"[1.0,1.0,0.0,0.0,0.0,0.0,0.0,0.0,1.0,1.0,1.0]",
gxBQ_window_00_frame_0::22:2043,gxBQ_window_00_frame_0,22:2043,paint_top8,,5,gxBQ_window_02_frame_5766,5766,96.2845453786424,rescored_target_frame,ok,True,0.007813402398411188,-1.0,0.23210028949727685,0.39611774665113236,0.06808283234342133,0.7272727272727273,"[1.0,1.0,0.0,1.0,0.0,1.0,1.0,0.0,1.0,1.0,1.0]",
gxBQ_window_00_frame_0::22:2043,gxBQ_window_00_frame_0,22:2043,paint_top8,,5,gxBQ_window_03_frame_77876,77876,1300.4258161476164,rescored_target_frame,ok,True,0.007813402398411188,-1.0,0.2047187451700316,0.3535682519578321,0.05586923838223111,0.6818181818181818,"[1.0,1.0,0.5,0.0,0.0,1.0,1.0,0.0,1.0,1.0,1.0]",
gxBQ_window_00_frame_0::22:2043,gxBQ_window_00_frame_0,22:2043,paint_top8,,5,gxBQ_window_04_frame_86088,86088,1437.555314352509,rescored_target_frame,ok,True,0.007813402398411188,-1.0,0.18035833211028762,0.31443134000381645,0.04628532421675881,0.7272727272727273,"[1.0,1.0,0.0,1.0,0.0,1.0,1.0,0.0,1.0,1.0,1.0]",
gxBQ_window_00_frame_0::22:2053,gxBQ_window_00_frame_0,22:2053,paint_top8,,7,gxBQ_window_00_frame_0,0,0.0,saved_origin_record,ok,True,0.05623386289586276,-1.0,0.2413089397485832,0.40823894200403193,0.07437893749313443,0.7272727272727273,"[1.0,1.0,0.0,0.0,1.0,1.0,1.0,0.0,1.0,1.0,1.0]",
gxBQ_window_00_frame_0::22:2053,gxBQ_window_00_frame_0,22:2053,paint_top8,,7,gxBQ_window_00_frame_5,5,0.08349336227769892,rescored_target_frame,ok,True,0.05623386289586276,-1.0,0.2461544489808863,0.4190917785844839,0.07321711937728867,0.8181818181818182,"[1.0,1.0,0.0,1.0,1.0,1.0,1.0,0.0,1.0,1.0,1.0]",
gxBQ_window_00_frame_0::22:2053,gxBQ_window_00_frame_0,22:2053,paint_top8,,7,gxBQ_window_00_frame_689,689,11.505385321866912,rescored_target_frame,ok,True,0.05623386289586276,-1.0,0.19822840059664887,0.3433879469081804,0.05306885428511732,0.7272727272727273,"[1.0,1.0,0.0,1.0,0.0,1.0,1.0,0.0,1.0,1.0,1.0]",
gxBQ_window_00_frame_0::22:2053,gxBQ_window_00_frame_0,22:2053,paint_top8,,7,gxBQ_window_01_frame_5111,5111,85.34691492026384,rescored_target_frame,ok,True,0.05623386289586276,-1.0,0.29332017075424605,0.5047525568150079,0.0818877846934842,0.5454545454545454,"[1.0,1.0,0.0,0.0,0.0,1.0,0.0,0.0,1.0,1.0,1.0]",
gxBQ_window_00_frame_0::22:2053,gxBQ_window_00_frame_0,22:2053,paint_top8,,7,gxBQ_window_02_frame_5766,5766,96.2845453786424,rescored_target_frame,ok,True,0.05623386289586276,-1.0,0.21803960146556545,0.37146418061618275,0.06461502231494812,0.7272727272727273,"[1.0,1.0,0.0,0.0,1.0,1.0,1.0,0.0,1.0,1.0,1.0]",
gxBQ_window_00_frame_0::22:2053,gxBQ_window_00_frame_0,22:2053,paint_top8,,7,gxBQ_window_03_frame_77876,77876,1300.4258161476164,rescored_target_frame,ok,True,0.05623386289586276,-1.0,0.18172229437186221,0.31228146674740925,0.051163121996315175,0.5454545454545454,"[1.0,1.0,0.0,0.0,0.0,1.0,1.0,0.0,0.0,1.0,1.0]",
gxBQ_window_00_frame_0::22:2053,gxBQ_window_00_frame_0,22:2053,paint_top8,,7,gxBQ_window_04_frame_86088,86088,1437.555314352509,rescored_target_frame,ok,True,0.05623386289586276,-1.0,0.1565599868447589,0.2704530392109993,0.04266693447851857,0.6363636363636364,"[1.0,1.0,0.0,0.0,0.0,1.0,1.0,0.0,1.0,1.0,1.0]",
gxBQ_window_00_frame_0::22:2055,gxBQ_window_00_frame_0,22:2055,paint_top8,,2,gxBQ_window_00_frame_0,0,0.0,saved_origin_record,ok,True,0.052485971365994324,-1.0,0.27115827577840623,0.4587237648039876,0.08359278675282483,0.8636363636363636,"[1.0,1.0,0.5,1.0,1.0,1.0,1.0,0.0,1.0,1.0,1.0]",
gxBQ_window_00_frame_0::22:2055,gxBQ_window_00_frame_0,22:2055,paint_top8,,2,gxBQ_window_00_frame_5,5,0.08349336227769892,rescored_target_frame,ok,True,0.052485971365994324,-1.0,0.26877231195522433,0.45731224271637033,0.0802323811940783,0.7727272727272727,"[1.0,1.0,0.5,1.0,1.0,0.0,1.0,0.0,1.0,1.0,1.0]",
gxBQ_window_00_frame_0::22:2055,gxBQ_window_00_frame_0,22:2055,paint_top8,,2,gxBQ_window_00_frame_689,689,11.505385321866912,rescored_target_frame,ok,True,0.052485971365994324,-1.0,0.21888492313418184,0.3784852968846694,0.05928454938369429,0.8636363636363636,"[1.0,1.0,0.5,1.0,1.0,1.0,1.0,0.0,1.0,1.0,1.0]",
gxBQ_window_00_frame_0::22:2055,gxBQ_window_00_frame_0,22:2055,paint_top8,,2,gxBQ_window_01_frame_5111,5111,85.34691492026384,rescored_target_frame,ok,True,0.052485971365994324,-1.0,0.30525966856323944,0.5240110789488331,0.0865082581776457,0.6363636363636364,"[1.0,1.0,0.0,0.0,0.0,1.0,1.0,0.0,1.0,1.0,1.0]",
gxBQ_window_00_frame_0::22:2055,gxBQ_window_00_frame_0,22:2055,paint_top8,,2,gxBQ_window_02_frame_5766,5766,96.2845453786424,rescored_target_frame,ok,True,0.052485971365994324,-1.0,0.2258405330425658,0.3824920688117368,0.0691889972733948,0.7272727272727273,"[1.0,1.0,0.0,0.0,1.0,1.0,1.0,0.0,1.0,1.0,1.0]",
gxBQ_window_00_frame_0::22:2055,gxBQ_window_00_frame_0,22:2055,paint_top8,,2,gxBQ_window_03_frame_77876,77876,1300.4258161476164,rescored_target_frame,ok,True,0.052485971365994324,-1.0,0.19798822112642794,0.33823926555886974,0.057737176693986175,0.6818181818181818,"[1.0,1.0,0.5,0.0,0.0,1.0,1.0,0.0,1.0,1.0,1.0]",
gxBQ_window_00_frame_0::22:2055,gxBQ_window_00_frame_0,22:2055,paint_top8,,2,gxBQ_window_04_frame_86088,86088,1437.555314352509,rescored_target_frame,ok,True,0.052485971365994324,-1.0,0.18231917289301122,0.31415742659207696,0.0504809191939455,0.7727272727272727,"[1.0,1.0,0.5,1.0,0.0,1.0,1.0,0.0,1.0,1.0,1.0]",
gxBQ_window_00_frame_0::22:231,gxBQ_window_00_frame_0,22:231,paint_top8,,8,gxBQ_window_00_frame_0,0,0.0,saved_origin_record,ok,True,0.017869869029133057,-1.0,0.26943353539889453,0.4567073002524966,0.08215977054529242,0.6818181818181818,"[0.0,1.0,0.5,1.0,0.0,1.0,1.0,0.0,1.0,1.0,1.0]",
gxBQ_window_00_frame_0::22:231,gxBQ_window_00_frame_0,22:231,paint_top8,,8,gxBQ_window_00_frame_5,5,0.08349336227769892,rescored_target_frame,ok,True,0.017869869029133057,-1.0,0.26750119143027856,0.4554909395361513,0.07951144332440589,0.6818181818181818,"[0.0,1.0,0.5,1.0,0.0,1.0,1.0,0.0,1.0,1.0,1.0]",
gxBQ_window_00_frame_0::22:231,gxBQ_window_00_frame_0,22:231,paint_top8,,8,gxBQ_window_00_frame_689,689,11.505385321866912,rescored_target_frame,ok,True,0.017869869029133057,-1.0,0.20591175919956897,0.3582614119250665,0.05356210647407146,0.6818181818181818,"[0.0,1.0,0.5,1.0,0.0,1.0,1.0,0.0,1.0,1.0,1.0]",
gxBQ_window_00_frame_0::22:231,gxBQ_window_00_frame_0,22:231,paint_top8,,8,gxBQ_window_01_frame_5111,5111,85.34691492026384,rescored_target_frame,ok,True,0.017869869029133057,-1.0,0.3039401903359697,0.5207497903872227,0.08713059028471666,0.36363636363636365,"[0.0,1.0,0.0,0.0,0.0,0.0,0.0,0.0,1.0,1.0,1.0]",
gxBQ_window_00_frame_0::22:231,gxBQ_window_00_frame_0,22:231,paint_top8,,8,gxBQ_window_02_frame_5766,5766,96.2845453786424,rescored_target_frame,ok,True,0.017869869029133057,-1.0,0.21455278110872744,0.36590767903740296,0.06319788318005196,0.6363636363636364,"[0.0,1.0,0.0,1.0,0.0,1.0,1.0,0.0,1.0,1.0,1.0]",
gxBQ_window_00_frame_0::22:231,gxBQ_window_00_frame_0,22:231,paint_top8,,8,gxBQ_window_03_frame_77876,77876,1300.4258161476164,rescored_target_frame,ok,True,0.017869869029133057,-1.0,0.19470156408896433,0.33521812821709834,0.05418499996083031,0.5909090909090909,"[0.0,1.0,0.5,0.0,0.0,1.0,1.0,0.0,1.0,1.0,1.0]",
gxBQ_window_00_frame_0::22:231,gxBQ_window_00_frame_0,22:231,paint_top8,,8,gxBQ_window_04_frame_86088,86088,1437.555314352509,rescored_target_frame,ok,True,0.017869869029133057,-1.0,0.17401435788870803,0.3038134065733828,0.04421530920403326,0.6363636363636364,"[0.0,1.0,0.0,1.0,0.0,1.0,1.0,0.0,1.0,1.0,1.0]",
gxBQ_window_00_frame_0::22:4579,gxBQ_window_00_frame_0,22:4579,line_top8;paint_top8,1,3,gxBQ_window_00_frame_0,0,0.0,saved_origin_record,ok,True,0.003901353941539398,-1.0,0.31212149517795423,0.5290986031260683,0.09514438722984021,0.7727272727272727,"[1.0,1.0,0.5,1.0,0.0,1.0,1.0,0.0,1.0,1.0,1.0]",14.104127292464767
gxBQ_window_00_frame_0::22:4579,gxBQ_window_00_frame_0,22:4579,line_top8;paint_top8,1,3,gxBQ_window_00_frame_5,5,0.08349336227769892,rescored_target_frame,ok,True,0.003901353941539398,-1.0,0.31124233909812593,0.5304160121475797,0.09206866604867212,0.7727272727272727,"[1.0,1.0,0.5,1.0,0.0,1.0,1.0,0.0,1.0,1.0,1.0]",14.104127292464767
gxBQ_window_00_frame_0::22:4579,gxBQ_window_00_frame_0,22:4579,line_top8;paint_top8,1,3,gxBQ_window_00_frame_689,689,11.505385321866912,rescored_target_frame,ok,True,0.003901353941539398,-1.0,0.2529768162901552,0.43921490864695295,0.06673872393335747,0.7727272727272727,"[1.0,1.0,0.5,1.0,0.0,1.0,1.0,0.0,1.0,1.0,1.0]",14.067362470338358
gxBQ_window_00_frame_0::22:4579,gxBQ_window_00_frame_0,22:4579,line_top8;paint_top8,1,3,gxBQ_window_01_frame_5111,5111,85.34691492026384,rescored_target_frame,ok,True,0.003901353941539398,-1.0,0.34497201440994596,0.5908238268269916,0.09912020199290032,0.45454545454545453,"[1.0,1.0,0.0,0.0,0.0,0.0,0.0,0.0,1.0,1.0,1.0]",14.06894067216005
gxBQ_window_00_frame_0::22:4579,gxBQ_window_00_frame_0,22:4579,line_top8;paint_top8,1,3,gxBQ_window_02_frame_5766,5766,96.2845453786424,rescored_target_frame,ok,True,0.003901353941539398,-1.0,0.2538849539000798,0.4323602349526684,0.07540967284749127,0.6363636363636364,"[1.0,1.0,0.0,1.0,0.0,0.0,1.0,0.0,1.0,1.0,1.0]",13.960766470479903
gxBQ_window_00_frame_0::22:4579,gxBQ_window_00_frame_0,22:4579,line_top8;paint_top8,1,3,gxBQ_window_03_frame_77876,77876,1300.4258161476164,rescored_target_frame,ok,True,0.003901353941539398,-1.0,0.22872133891132826,0.39076477304362683,0.06667790477902967,0.6818181818181818,"[1.0,1.0,0.5,0.0,0.0,1.0,1.0,0.0,1.0,1.0,1.0]",14.241555954365909
gxBQ_window_00_frame_0::22:4579,gxBQ_window_00_frame_0,22:4579,line_top8;paint_top8,1,3,gxBQ_window_04_frame_86088,86088,1437.555314352509,rescored_target_frame,ok,True,0.003901353941539398,-1.0,0.2051411888395229,0.3570556724815377,0.05322670519750809,0.7272727272727273,"[1.0,1.0,0.0,1.0,0.0,1.0,1.0,0.0,1.0,1.0,1.0]",14.004965136555324
gxBQ_window_00_frame_0::22:4580,gxBQ_window_00_frame_0,22:4580,line_top8,2,,gxBQ_window_00_frame_0,0,0.0,saved_origin_record,ok,True,0.007624689553109539,-1.0,0.31183342294663047,0.5260323498252578,0.09763449606800309,0.6363636363636364,"[1.0,1.0,0.0,0.0,0.0,1.0,1.0,0.0,1.0,1.0,1.0]",9.51733418388579
gxBQ_window_00_frame_0::22:4580,gxBQ_window_00_frame_0,22:4580,line_top8,2,,gxBQ_window_00_frame_5,5,0.08349336227769892,rescored_target_frame,ok,True,0.0076246895531095395,-1.0,0.31155664405285916,0.5293458969415478,0.09376739116417052,0.7272727272727273,"[1.0,1.0,0.0,1.0,0.0,1.0,1.0,0.0,1.0,1.0,1.0]",9.51733418388579
gxBQ_window_00_frame_0::22:4580,gxBQ_window_00_frame_0,22:4580,line_top8,2,,gxBQ_window_00_frame_689,689,11.505385321866912,rescored_target_frame,ok,True,0.0076246895531095395,-1.0,0.2547534119418012,0.4418431844406017,0.06766363944300068,0.7727272727272727,"[1.0,1.0,0.5,1.0,0.0,1.0,1.0,0.0,1.0,1.0,1.0]",9.53827278399356
gxBQ_window_00_frame_0::22:4580,gxBQ_window_00_frame_0,22:4580,line_top8,2,,gxBQ_window_01_frame_5111,5111,85.34691492026384,rescored_target_frame,ok,True,0.0076246895531095395,-1.0,0.34474322829516024,0.5874843796679833,0.10200207692233723,0.45454545454545453,"[1.0,1.0,0.0,0.0,0.0,0.0,0.0,0.0,1.0,1.0,1.0]",9.587907337247152
gxBQ_window_00_frame_0::22:4580,gxBQ_window_00_frame_0,22:4580,line_top8,2,,gxBQ_window_02_frame_5766,5766,96.2845453786424,rescored_target_frame,ok,True,0.0076246895531095395,-1.0,0.2535949364048141,0.4285644414925758,0.07862543131705244,0.45454545454545453,"[1.0,1.0,0.0,0.0,0.0,0.0,0.0,0.0,1.0,1.0,1.0]",9.587325412822974
gxBQ_window_00_frame_0::22:4580,gxBQ_window_00_frame_0,22:4580,line_top8,2,,gxBQ_window_03_frame_77876,77876,1300.4258161476164,rescored_target_frame,ok,True,0.0076246895531095395,-1.0,0.23387589396481848,0.39505847246251985,0.0726933154671171,0.6818181818181818,"[1.0,1.0,0.5,0.0,0.0,1.0,1.0,0.0,1.0,1.0,1.0]",9.555222265225911
gxBQ_window_00_frame_0::22:4580,gxBQ_window_00_frame_0,22:4580,line_top8,2,,gxBQ_window_04_frame_86088,86088,1437.555314352509,rescored_target_frame,ok,True,0.0076246895531095395,-1.0,0.2118669855843512,0.3635898370779565,0.06014413409074586,0.6363636363636364,"[1.0,1.0,0.0,0.0,0.0,1.0,1.0,0.0,1.0,1.0,1.0]",9.765172291244975
gxBQ_window_00_frame_0::22:4587,gxBQ_window_00_frame_0,22:4587,paint_top8,,6,gxBQ_window_00_frame_0,0,0.0,saved_origin_record,ok,True,0.06617772058829159,-1.0,0.262991569383163,0.443800075048312,0.08218306371801398,0.7272727272727273,"[1.0,1.0,0.0,0.0,1.0,1.0,1.0,0.0,1.0,1.0,1.0]",
gxBQ_window_00_frame_0::22:4587,gxBQ_window_00_frame_0,22:4587,paint_top8,,6,gxBQ_window_00_frame_5,5,0.08349336227769892,rescored_target_frame,ok,True,0.06617772058829159,-1.0,0.2665040985017916,0.45238118886698064,0.08062700813660251,0.8181818181818182,"[1.0,1.0,0.0,1.0,1.0,1.0,1.0,0.0,1.0,1.0,1.0]",
gxBQ_window_00_frame_0::22:4587,gxBQ_window_00_frame_0,22:4587,paint_top8,,6,gxBQ_window_00_frame_689,689,11.505385321866912,rescored_target_frame,ok,True,0.06617772058829159,-1.0,0.22415779131692556,0.3882817680485556,0.06003381458529556,0.7272727272727273,"[1.0,1.0,0.0,1.0,0.0,1.0,1.0,0.0,1.0,1.0,1.0]",
gxBQ_window_00_frame_0::22:4587,gxBQ_window_00_frame_0,22:4587,paint_top8,,6,gxBQ_window_01_frame_5111,5111,85.34691492026384,rescored_target_frame,ok,True,0.06617772058829159,-1.0,0.31299857475756837,0.5368777033629665,0.0891194461521703,0.6363636363636364,"[1.0,1.0,0.0,0.0,0.0,1.0,1.0,0.0,1.0,1.0,1.0]",
gxBQ_window_00_frame_0::22:4587,gxBQ_window_00_frame_0,22:4587,paint_top8,,6,gxBQ_window_02_frame_5766,5766,96.2845453786424,rescored_target_frame,ok,True,0.06617772058829159,-1.0,0.23866605502035826,0.4053493712004992,0.07198273884021733,0.6363636363636364,"[1.0,1.0,0.0,0.0,1.0,1.0,0.0,0.0,1.0,1.0,1.0]",
gxBQ_window_00_frame_0::22:4587,gxBQ_window_00_frame_0,22:4587,paint_top8,,6,gxBQ_window_03_frame_77876,77876,1300.4258161476164,rescored_target_frame,ok,True,0.06617772058829159,-1.0,0.20661217108021104,0.35129918001542226,0.061925162144999824,0.5454545454545454,"[1.0,1.0,0.0,0.0,0.0,1.0,1.0,0.0,0.0,1.0,1.0]",
gxBQ_window_00_frame_0::22:4587,gxBQ_window_00_frame_0,22:4587,paint_top8,,6,gxBQ_window_04_frame_86088,86088,1437.555314352509,rescored_target_frame,ok,True,0.06617772058829159,-1.0,0.1815611279330541,0.3134118938100707,0.0497103620560375,0.5454545454545454,"[1.0,1.0,0.0,0.0,0.0,1.0,1.0,0.0,0.0,1.0,1.0]",
gxBQ_window_00_frame_0::22:4588,gxBQ_window_00_frame_0,22:4588,paint_top8,,1,gxBQ_window_00_frame_0,0,0.0,saved_origin_record,ok,True,0.042619934533540835,-1.0,0.2914252044933242,0.4915520385218696,0.09129837046477875,0.8636363636363636,"[1.0,1.0,0.5,1.0,1.0,1.0,1.0,0.0,1.0,1.0,1.0]",9.517334183885946
gxBQ_window_00_frame_0::22:4588,gxBQ_window_00_frame_0,22:4588,paint_top8,,1,gxBQ_window_00_frame_5,5,0.08349336227769892,rescored_target_frame,ok,True,0.042619934533540835,-1.0,0.2889172561966509,0.490198288944368,0.08763622344893376,0.7727272727272727,"[1.0,1.0,0.5,1.0,1.0,0.0,1.0,0.0,1.0,1.0,1.0]",9.517334183885946
gxBQ_window_00_frame_0::22:4588,gxBQ_window_00_frame_0,22:4588,paint_top8,,1,gxBQ_window_00_frame_689,689,11.505385321866912,rescored_target_frame,ok,True,0.042619934533540835,-1.0,0.24348279260557526,0.42080904306952205,0.06615654214162846,0.8636363636363636,"[1.0,1.0,0.5,1.0,1.0,1.0,1.0,0.0,1.0,1.0,1.0]",9.538272783993715
gxBQ_window_00_frame_0::22:4588,gxBQ_window_00_frame_0,22:4588,paint_top8,,1,gxBQ_window_01_frame_5111,5111,85.34691492026384,rescored_target_frame,ok,True,0.042619934533540835,-1.0,0.32366472439285826,0.5537648455310841,0.09356460325463245,0.6363636363636364,"[1.0,1.0,0.0,0.0,0.0,1.0,1.0,0.0,1.0,1.0,1.0]",9.587907337247309
gxBQ_window_00_frame_0::22:4588,gxBQ_window_00_frame_0,22:4588,paint_top8,,1,gxBQ_window_02_frame_5766,5766,96.2845453786424,rescored_target_frame,ok,True,0.042619934533540835,-1.0,0.24554810539119562,0.4145762226363057,0.0765199881460855,0.6818181818181818,"[1.0,1.0,0.5,0.0,0.0,1.0,1.0,0.0,1.0,1.0,1.0]",9.587325412823134
gxBQ_window_00_frame_0::22:4588,gxBQ_window_00_frame_0,22:4588,paint_top8,,1,gxBQ_window_03_frame_77876,77876,1300.4258161476164,rescored_target_frame,ok,True,0.042619934533540835,-1.0,0.22138908551868233,0.3744061224147303,0.06837204862263435,0.6818181818181818,"[1.0,1.0,0.5,0.0,0.0,1.0,1.0,0.0,1.0,1.0,1.0]",9.555222265226064
gxBQ_window_00_frame_0::22:4588,gxBQ_window_00_frame_0,22:4588,paint_top8,,1,gxBQ_window_04_frame_86088,86088,1437.555314352509,rescored_target_frame,ok,True,0.042619934533540835,-1.0,0.20531206487926856,0.35339028469111583,0.05723384506742128,0.7727272727272727,"[1.0,1.0,0.5,1.0,0.0,1.0,1.0,0.0,1.0,1.0,1.0]",9.765172291245136
gxBQ_window_00_frame_0::22:4594,gxBQ_window_00_frame_0,22:4594,line_top8,6,,gxBQ_window_00_frame_0,0,0.0,saved_origin_record,ok,True,0.024413306036861326,-1.0,0.29931948509300477,0.5022165586117993,0.09642241157421022,0.6363636363636364,"[1.0,1.0,0.0,0.0,0.0,1.0,1.0,0.0,1.0,1.0,1.0]",
gxBQ_window_00_frame_0::22:4594,gxBQ_window_00_frame_0,22:4594,line_top8,6,,gxBQ_window_00_frame_5,5,0.08349336227769892,rescored_target_frame,ok,True,0.024413306036861326,-1.0,0.30061435351416355,0.5072367681547377,0.09399193887358939,0.7272727272727273,"[1.0,1.0,0.0,1.0,0.0,1.0,1.0,0.0,1.0,1.0,1.0]",
gxBQ_window_00_frame_0::22:4594,gxBQ_window_00_frame_0,22:4594,line_top8,6,,gxBQ_window_00_frame_689,689,11.505385321866912,rescored_target_frame,ok,True,0.024413306036861326,-1.0,0.2551205547268017,0.44052100705744013,0.06972010239616318,0.7727272727272727,"[1.0,1.0,0.5,1.0,0.0,1.0,1.0,0.0,1.0,1.0,1.0]",
gxBQ_window_00_frame_0::22:4594,gxBQ_window_00_frame_0,22:4594,line_top8,6,,gxBQ_window_01_frame_5111,5111,85.34691492026384,rescored_target_frame,ok,True,0.024413306036861326,-1.0,0.34095053339784587,0.5782063654498807,0.10369470134581102,0.7272727272727273,"[1.0,1.0,0.0,1.0,0.0,1.0,1.0,0.0,1.0,1.0,1.0]",
gxBQ_window_00_frame_0::22:4594,gxBQ_window_00_frame_0,22:4594,line_top8,6,,gxBQ_window_02_frame_5766,5766,96.2845453786424,rescored_target_frame,ok,True,0.024413306036861326,-1.0,0.2531299777924987,0.4263158435868846,0.07994411199811274,0.7272727272727273,"[1.0,1.0,0.0,0.0,1.0,1.0,1.0,0.0,1.0,1.0,1.0]",
gxBQ_window_00_frame_0::22:4594,gxBQ_window_00_frame_0,22:4594,line_top8,6,,gxBQ_window_03_frame_77876,77876,1300.4258161476164,rescored_target_frame,ok,True,0.024413306036861326,-1.0,0.24345786088350593,0.4126146889765936,0.07430103279041829,0.6818181818181818,"[1.0,1.0,0.5,0.0,0.0,1.0,1.0,0.0,1.0,1.0,1.0]",
gxBQ_window_00_frame_0::22:4594,gxBQ_window_00_frame_0,22:4594,line_top8,6,,gxBQ_window_04_frame_86088,86088,1437.555314352509,rescored_target_frame,ok,True,0.024413306036861326,-1.0,0.21245818971191252,0.3645821233998337,0.06033425602399133,0.6363636363636364,"[1.0,1.0,0.0,0.0,0.0,1.0,1.0,0.0,1.0,1.0,1.0]",
gxBQ_window_00_frame_0::22:4598,gxBQ_window_00_frame_0,22:4598,line_top8;paint_top8,8,4,gxBQ_window_00_frame_0,0,0.0,saved_origin_record,ok,True,0.030268255015284844,-1.0,0.2976954250328335,0.5056031407873377,0.08978770927832931,0.7272727272727273,"[1.0,1.0,0.0,1.0,0.0,1.0,1.0,0.0,1.0,1.0,1.0]",
gxBQ_window_00_frame_0::22:4598,gxBQ_window_00_frame_0,22:4598,line_top8;paint_top8,8,4,gxBQ_window_00_frame_5,5,0.08349336227769892,rescored_target_frame,ok,True,0.030268255015284844,-1.0,0.2987253695457823,0.5097456507453951,0.08770508834616952,0.8181818181818182,"[1.0,1.0,0.0,1.0,1.0,1.0,1.0,0.0,1.0,1.0,1.0]",
gxBQ_window_00_frame_0::22:4598,gxBQ_window_00_frame_0,22:4598,line_top8;paint_top8,8,4,gxBQ_window_00_frame_689,689,11.505385321866912,rescored_target_frame,ok,True,0.030268255015284844,-1.0,0.24793588343497036,0.4321752935315668,0.06369647333837389,0.8636363636363636,"[1.0,1.0,0.5,1.0,1.0,1.0,1.0,0.0,1.0,1.0,1.0]",
gxBQ_window_00_frame_0::22:4598,gxBQ_window_00_frame_0,22:4598,line_top8;paint_top8,8,4,gxBQ_window_01_frame_5111,5111,85.34691492026384,rescored_target_frame,ok,True,0.030268255015284844,-1.0,0.3352282129272569,0.5739710584156248,0.096485367438889,0.6363636363636364,"[1.0,1.0,0.0,0.0,0.0,1.0,1.0,0.0,1.0,1.0,1.0]",
gxBQ_window_00_frame_0::22:4598,gxBQ_window_00_frame_0,22:4598,line_top8;paint_top8,8,4,gxBQ_window_02_frame_5766,5766,96.2845453786424,rescored_target_frame,ok,True,0.030268255015284844,-1.0,0.24788859257538032,0.42386641056138913,0.07191077458937148,0.8181818181818182,"[1.0,1.0,0.0,1.0,1.0,1.0,1.0,0.0,1.0,1.0,1.0]",
gxBQ_window_00_frame_0::22:4598,gxBQ_window_00_frame_0,22:4598,line_top8;paint_top8,8,4,gxBQ_window_03_frame_77876,77876,1300.4258161476164,rescored_target_frame,ok,True,0.030268255015284844,-1.0,0.22592494549521985,0.38684576725014336,0.06500412374029635,0.6818181818181818,"[1.0,1.0,0.5,0.0,0.0,1.0,1.0,0.0,1.0,1.0,1.0]",
gxBQ_window_00_frame_0::22:4598,gxBQ_window_00_frame_0,22:4598,line_top8;paint_top8,8,4,gxBQ_window_04_frame_86088,86088,1437.555314352509,rescored_target_frame,ok,True,0.030268255015284844,-1.0,0.19249859330182592,0.33543713695619837,0.04956004964745346,0.5454545454545454,"[1.0,1.0,0.0,0.0,0.0,1.0,1.0,0.0,1.0,1.0,0.0]",
gxBQ_window_00_frame_5::0:431,gxBQ_window_00_frame_5,0:431,line_top8,6,,gxBQ_window_00_frame_0,0,0.0,rescored_target_frame,ok,True,0.09942212351511621,-1.0,0.2820009619879352,0.5172213441003521,0.04678057987551822,0.18181818181818182,"[1.0,1.0,0.0,0.0,0.0,0.0,0.0,0.0,0.0,0.0,0.0]",
gxBQ_window_00_frame_5::0:431,gxBQ_window_00_frame_5,0:431,line_top8,6,,gxBQ_window_00_frame_5,5,0.08349336227769892,saved_origin_record,ok,True,0.09942212351511621,-1.0,0.2717721747421391,0.49819237802667343,0.045351971457604744,0.18181818181818182,"[1.0,1.0,0.0,0.0,0.0,0.0,0.0,0.0,0.0,0.0,0.0]",
gxBQ_window_00_frame_5::0:431,gxBQ_window_00_frame_5,0:431,line_top8,6,,gxBQ_window_00_frame_689,689,11.505385321866912,rescored_target_frame,ok,True,0.09942212351511621,-1.0,0.2918892467674825,0.5389165318600557,0.044861961674909336,0.36363636363636365,"[1.0,1.0,0.0,0.0,1.0,0.0,0.0,0.0,1.0,0.0,0.0]",
gxBQ_window_00_frame_5::0:431,gxBQ_window_00_frame_5,0:431,line_top8,6,,gxBQ_window_01_frame_5111,5111,85.34691492026384,rescored_target_frame,ok,True,0.09942212351511621,-1.0,0.29390451677954493,0.5413615644355433,0.04644746912354662,0.2727272727272727,"[1.0,1.0,0.0,0.0,1.0,0.0,0.0,0.0,0.0,0.0,0.0]",
gxBQ_window_00_frame_5::0:431,gxBQ_window_00_frame_5,0:431,line_top8,6,,gxBQ_window_02_frame_5766,5766,96.2845453786424,rescored_target_frame,ok,True,0.09942212351511621,-1.0,0.2917836880151973,0.5370811418393807,0.046486234191013824,0.2727272727272727,"[1.0,1.0,0.0,0.0,1.0,0.0,0.0,0.0,0.0,0.0,0.0]",
gxBQ_window_00_frame_5::0:431,gxBQ_window_00_frame_5,0:431,line_top8,6,,gxBQ_window_03_frame_77876,77876,1300.4258161476164,rescored_target_frame,ok,True,0.09942212351511621,-1.0,0.24849259488440079,0.4582988511693655,0.03868633859943609,0.18181818181818182,"[1.0,0.0,0.0,0.0,0.0,0.0,0.0,0.0,0.0,1.0,0.0]",
gxBQ_window_00_frame_5::0:431,gxBQ_window_00_frame_5,0:431,line_top8,6,,gxBQ_window_04_frame_86088,86088,1437.555314352509,rescored_target_frame,ok,True,0.09942212351511621,-1.0,0.23407867332216678,0.43233804247220387,0.035819304172129696,0.18181818181818182,"[1.0,0.0,0.0,0.0,0.0,0.0,0.0,0.0,0.0,1.0,0.0]",
gxBQ_window_00_frame_5::0:437,gxBQ_window_00_frame_5,0:437,line_top8,4,,gxBQ_window_00_frame_0,0,0.0,rescored_target_frame,ok,True,0.09800656949483477,-1.0,0.2830543337513796,0.519001062973611,0.04710760452914823,0.36363636363636365,"[1.0,1.0,0.0,0.0,1.0,1.0,0.0,0.0,0.0,0.0,0.0]",
gxBQ_window_00_frame_5::0:437,gxBQ_window_00_frame_5,0:437,line_top8,4,,gxBQ_window_00_frame_5,5,0.08349336227769892,saved_origin_record,ok,True,0.09800656949483477,-1.0,0.27331568054873345,0.5011568045035072,0.04547455659395973,0.2727272727272727,"[1.0,1.0,0.0,0.0,0.0,1.0,0.0,0.0,0.0,0.0,0.0]",
gxBQ_window_00_frame_5::0:437,gxBQ_window_00_frame_5,0:437,line_top8,4,,gxBQ_window_00_frame_689,689,11.505385321866912,rescored_target_frame,ok,True,0.09800656949483477,-1.0,0.293480972124209,0.5411530261232529,0.0458089181251651,0.45454545454545453,"[1.0,1.0,0.0,0.0,1.0,1.0,0.0,0.0,1.0,0.0,0.0]",
gxBQ_window_00_frame_5::0:437,gxBQ_window_00_frame_5,0:437,line_top8,4,,gxBQ_window_01_frame_5111,5111,85.34691492026384,rescored_target_frame,ok,True,0.09800656949483477,-1.0,0.28715254419462166,0.5282861657412057,0.04601892264803767,0.36363636363636365,"[1.0,1.0,0.0,0.0,1.0,1.0,0.0,0.0,0.0,0.0,0.0]",
gxBQ_window_00_frame_5::0:437,gxBQ_window_00_frame_5,0:437,line_top8,4,,gxBQ_window_02_frame_5766,5766,96.2845453786424,rescored_target_frame,ok,True,0.09800656949483477,-1.0,0.283252590129113,0.520362782408735,0.04614239784949101,0.2727272727272727,"[1.0,0.0,0.0,0.0,1.0,1.0,0.0,0.0,0.0,0.0,0.0]",
gxBQ_window_00_frame_5::0:437,gxBQ_window_00_frame_5,0:437,line_top8,4,,gxBQ_window_03_frame_77876,77876,1300.4258161476164,rescored_target_frame,ok,True,0.09800656949483477,-1.0,0.26153828930964323,0.48313983531338,0.039936743305906415,0.2727272727272727,"[1.0,0.0,0.0,0.0,0.0,0.0,0.0,0.0,1.0,1.0,0.0]",
gxBQ_window_00_frame_5::0:437,gxBQ_window_00_frame_5,0:437,line_top8,4,,gxBQ_window_04_frame_86088,86088,1437.555314352509,rescored_target_frame,ok,True,0.09800656949483477,-1.0,0.2617928399171575,0.48464603670185863,0.03893964313245639,0.18181818181818182,"[1.0,0.0,0.0,0.0,0.0,0.0,0.0,0.0,0.0,1.0,0.0]",
gxBQ_window_00_frame_5::0:440,gxBQ_window_00_frame_5,0:440,line_top8,2,,gxBQ_window_00_frame_0,0,0.0,rescored_target_frame,ok,True,0.09973544663018719,-1.0,0.2768648031180924,0.5065065380291385,0.04722306820704639,0.2727272727272727,"[1.0,0.0,0.0,0.0,0.0,1.0,0.0,0.0,0.0,1.0,0.0]",
gxBQ_window_00_frame_5::0:440,gxBQ_window_00_frame_5,0:440,line_top8,2,,gxBQ_window_00_frame_5,5,0.08349336227769892,saved_origin_record,ok,True,0.09973544663018719,-1.0,0.2748043606320965,0.5035258395502151,0.046082881713977925,0.2727272727272727,"[1.0,0.0,0.0,0.0,0.0,1.0,0.0,0.0,0.0,1.0,0.0]",
gxBQ_window_00_frame_5::0:440,gxBQ_window_00_frame_5,0:440,line_top8,2,,gxBQ_window_00_frame_689,689,11.505385321866912,rescored_target_frame,ok,True,0.09973544663018719,-1.0,0.2876127467024986,0.5294165633390151,0.045808930065982106,0.45454545454545453,"[1.0,0.0,0.0,0.0,1.0,1.0,1.0,0.0,0.0,1.0,0.0]",
gxBQ_window_00_frame_5::0:440,gxBQ_window_00_frame_5,0:440,line_top8,2,,gxBQ_window_01_frame_5111,5111,85.34691492026384,rescored_target_frame,ok,True,0.09973544663018719,-1.0,0.2868669348590591,0.5280355759264591,0.04569829379165909,0.36363636363636365,"[1.0,0.0,0.0,0.0,1.0,1.0,0.0,0.0,0.0,1.0,0.0]",
gxBQ_window_00_frame_5::0:440,gxBQ_window_00_frame_5,0:440,line_top8,2,,gxBQ_window_02_frame_5766,5766,96.2845453786424,rescored_target_frame,ok,True,0.09973544663018719,-1.0,0.28269384101246786,0.5204107915837413,0.04497689044119441,0.36363636363636365,"[1.0,0.0,0.0,0.0,1.0,1.0,0.0,0.0,0.0,1.0,0.0]",
gxBQ_window_00_frame_5::0:440,gxBQ_window_00_frame_5,0:440,line_top8,2,,gxBQ_window_03_frame_77876,77876,1300.4258161476164,rescored_target_frame,ok,True,0.09973544663018719,-1.0,0.23874290113467997,0.44134020429816817,0.03614559797119177,0.09090909090909091,"[0.0,0.0,0.0,0.0,0.0,0.0,0.0,0.0,0.0,0.0,1.0]",
gxBQ_window_00_frame_5::0:440,gxBQ_window_00_frame_5,0:440,line_top8,2,,gxBQ_window_04_frame_86088,86088,1437.555314352509,rescored_target_frame,ok,True,0.09973544663018719,-1.0,0.23580125661601709,0.43587786534514666,0.035724647886887534,0.18181818181818182,"[1.0,0.0,0.0,0.0,0.0,0.0,0.0,0.0,0.0,0.0,1.0]",
gxBQ_window_00_frame_5::10:1274,gxBQ_window_00_frame_5,10:1274,paint_top8,,1,gxBQ_window_00_frame_0,0,0.0,rescored_target_frame,ok,True,0.07426060134079915,-1.0,0.124320055997154,0.24112873487487246,0.007511377119435529,0.7272727272727273,"[1.0,1.0,1.0,1.0,1.0,0.0,1.0,0.0,0.0,1.0,1.0]",528.2977412086956
gxBQ_window_00_frame_5::10:1274,gxBQ_window_00_frame_5,10:1274,paint_top8,,1,gxBQ_window_00_frame_5,5,0.08349336227769892,saved_origin_record,ok,True,0.07426060134079916,-1.0,0.12982785342470937,0.25213258528112426,0.0075231215682944885,0.8181818181818182,"[1.0,1.0,1.0,1.0,1.0,1.0,1.0,0.0,0.0,1.0,1.0]",528.2977412086956
gxBQ_window_00_frame_5::10:1274,gxBQ_window_00_frame_5,10:1274,paint_top8,,1,gxBQ_window_00_frame_689,689,11.505385321866912,rescored_target_frame,ok,True,0.07426060134079915,-1.0,0.12197689166307939,0.23706753717676007,0.006886246149398691,0.8181818181818182,"[1.0,1.0,1.0,1.0,1.0,1.0,1.0,0.0,0.0,1.0,1.0]",528.2977412086956
gxBQ_window_00_frame_5::10:1274,gxBQ_window_00_frame_5,10:1274,paint_top8,,1,gxBQ_window_01_frame_5111,5111,85.34691492026384,rescored_target_frame,ok,True,0.07426060134079915,-1.0,0.10738828459895504,0.20838290619140548,0.006393663006504584,0.6818181818181818,"[1.0,1.0,0.5,1.0,1.0,0.0,1.0,0.0,0.0,1.0,1.0]",527.8617778906853
gxBQ_window_00_frame_5::10:1274,gxBQ_window_00_frame_5,10:1274,paint_top8,,1,gxBQ_window_02_frame_5766,5766,96.2845453786424,rescored_target_frame,ok,True,0.07426060134079915,-1.0,0.11017809630670251,0.2146759369063217,0.005680255707083322,0.7727272727272727,"[1.0,1.0,0.5,1.0,1.0,0.0,1.0,1.0,0.0,1.0,1.0]",528.2977412086956
gxBQ_window_00_frame_5::10:1274,gxBQ_window_00_frame_5,10:1274,paint_top8,,1,gxBQ_window_03_frame_77876,77876,1300.4258161476164,rescored_target_frame,ok,True,0.07426060134079915,-1.0,0.09208698766768644,0.17811153217903294,0.006062443156339929,0.5454545454545454,"[0.0,1.0,0.0,1.0,0.0,1.0,1.0,0.0,0.0,1.0,1.0]",530.6186799226275
gxBQ_window_00_frame_5::10:1274,gxBQ_window_00_frame_5,10:1274,paint_top8,,1,gxBQ_window_04_frame_86088,86088,1437.555314352509,rescored_target_frame,ok,True,0.07426060134079915,-1.0,0.02916514034401137,0.05670155758524906,0.001628723102773685,0.45454545454545453,"[0.0,0.0,0.0,1.0,1.0,0.0,0.0,1.0,0.0,1.0,1.0]",531.1219823981414
gxBQ_window_00_frame_5::151:1393,gxBQ_window_00_frame_5,151:1393,paint_top8,,6,gxBQ_window_00_frame_0,0,0.0,rescored_target_frame,ok,True,0.015429912660007712,-1.0,0.10006056987511966,0.1780787086596073,0.02204243109063203,0.75,"[1.0,1.0,0.0,0.0,1.0,1.0,1.0,1.0,null,null,null]",
gxBQ_window_00_frame_5::151:1393,gxBQ_window_00_frame_5,151:1393,paint_top8,,6,gxBQ_window_00_frame_5,5,0.08349336227769892,saved_origin_record,ok,True,0.015429912660007712,-1.0,0.10206766755905124,0.18247474694120067,0.021660588176901807,0.75,"[1.0,1.0,0.0,0.0,1.0,1.0,1.0,1.0,null,null,null]",
gxBQ_window_00_frame_5::151:1393,gxBQ_window_00_frame_5,151:1393,paint_top8,,6,gxBQ_window_00_frame_689,689,11.505385321866912,rescored_target_frame,ok,True,0.015429912660007712,-1.0,0.100204595076453,0.18016781760449815,0.020241372548407844,0.75,"[1.0,1.0,0.0,0.0,1.0,1.0,1.0,1.0,null,null,null]",
gxBQ_window_00_frame_5::151:1393,gxBQ_window_00_frame_5,151:1393,paint_top8,,6,gxBQ_window_01_frame_5111,5111,85.34691492026384,rescored_target_frame,ok,True,0.015429912660007712,-1.0,0.11394652445024211,0.2029069340718302,0.024986114828654024,0.875,"[1.0,1.0,1.0,0.0,1.0,1.0,1.0,1.0,null,null,null]",
gxBQ_window_00_frame_5::151:1393,gxBQ_window_00_frame_5,151:1393,paint_top8,,6,gxBQ_window_02_frame_5766,5766,96.2845453786424,rescored_target_frame,ok,True,0.015429912660007712,-1.0,0.10295872217940386,0.18406512329674068,0.02185232106206704,1.0,"[1.0,1.0,1.0,1.0,1.0,1.0,1.0,1.0,null,null,null]",
gxBQ_window_00_frame_5::151:1393,gxBQ_window_00_frame_5,151:1393,paint_top8,,6,gxBQ_window_03_frame_77876,77876,1300.4258161476164,rescored_target_frame,ok,True,0.015429912660007712,-1.0,0.09889481244378677,0.17794029972119685,0.019849325166376698,0.5,"[1.0,0.0,0.0,0.0,1.0,1.0,1.0,0.0,null,null,null]",
gxBQ_window_00_frame_5::151:1393,gxBQ_window_00_frame_5,151:1393,paint_top8,,6,gxBQ_window_04_frame_86088,86088,1437.555314352509,rescored_target_frame,ok,True,0.015429912660007712,-1.0,0.09921154698484963,0.1791589058218072,0.01926418814789206,0.625,"[1.0,0.0,1.0,0.0,1.0,1.0,1.0,0.0,null,null,null]",
gxBQ_window_00_frame_5::151:435,gxBQ_window_00_frame_5,151:435,paint_top8,,5,gxBQ_window_00_frame_0,0,0.0,rescored_target_frame,ok,True,0.07228232532764298,-1.0,0.10851715319115948,0.19467921948419697,0.022355086898121997,0.75,"[1.0,1.0,0.0,0.0,1.0,1.0,1.0,1.0,null,null,null]",
gxBQ_window_00_frame_5::151:435,gxBQ_window_00_frame_5,151:435,paint_top8,,5,gxBQ_window_00_frame_5,5,0.08349336227769892,saved_origin_record,ok,True,0.07228232532764298,-1.0,0.11063235482281997,0.1992093869821805,0.022055322663459435,0.75,"[1.0,1.0,0.0,1.0,1.0,0.0,1.0,1.0,null,null,null]",
gxBQ_window_00_frame_5::151:435,gxBQ_window_00_frame_5,151:435,paint_top8,,5,gxBQ_window_00_frame_689,689,11.505385321866912,rescored_target_frame,ok,True,0.07228232532764298,-1.0,0.10964072736654239,0.19818363131788858,0.021097823415196202,0.625,"[1.0,1.0,0.0,1.0,1.0,0.0,1.0,0.0,null,null,null]",
gxBQ_window_00_frame_5::151:435,gxBQ_window_00_frame_5,151:435,paint_top8,,5,gxBQ_window_01_frame_5111,5111,85.34691492026384,rescored_target_frame,ok,True,0.07228232532764298,-1.0,0.13717541142983708,0.24789169263281963,0.026459130226854553,0.75,"[1.0,1.0,0.0,1.0,1.0,1.0,1.0,0.0,null,null,null]",
gxBQ_window_00_frame_5::151:435,gxBQ_window_00_frame_5,151:435,paint_top8,,5,gxBQ_window_02_frame_5766,5766,96.2845453786424,rescored_target_frame,ok,True,0.07228232532764298,-1.0,0.1268185443665009,0.23022961334335545,0.02340747538964634,0.75,"[1.0,1.0,1.0,0.0,1.0,1.0,1.0,0.0,null,null,null]",
gxBQ_window_00_frame_5::151:435,gxBQ_window_00_frame_5,151:435,paint_top8,,5,gxBQ_window_03_frame_77876,77876,1300.4258161476164,rescored_target_frame,ok,True,0.07228232532764298,-1.0,0.10459460195155601,0.18782891376620375,0.021360290136908277,0.5,"[1.0,1.0,0.0,0.0,0.0,1.0,1.0,0.0,null,null,null]",
gxBQ_window_00_frame_5::151:435,gxBQ_window_00_frame_5,151:435,paint_top8,,5,gxBQ_window_04_frame_86088,86088,1437.555314352509,rescored_target_frame,ok,True,0.07228232532764298,-1.0,0.10469000670580576,0.1882608822289407,0.02111913118267083,1.0,"[1.0,1.0,1.0,1.0,1.0,1.0,1.0,1.0,null,null,null]",
gxBQ_window_00_frame_5::151:437,gxBQ_window_00_frame_5,151:437,paint_top8,,4,gxBQ_window_00_frame_0,0,0.0,rescored_target_frame,ok,True,0.0781594246212975,-1.0,0.10886036513173623,0.19538937988486532,0.02233135037860714,0.75,"[1.0,1.0,0.0,0.0,1.0,1.0,1.0,1.0,null,null,null]",
gxBQ_window_00_frame_5::151:437,gxBQ_window_00_frame_5,151:437,paint_top8,,4,gxBQ_window_00_frame_5,5,0.08349336227769892,saved_origin_record,ok,True,0.0781594246212975,-1.0,0.11120593033731582,0.20035742408104187,0.022054436593589757,0.75,"[1.0,1.0,0.0,0.0,1.0,1.0,1.0,1.0,null,null,null]",
gxBQ_window_00_frame_5::151:437,gxBQ_window_00_frame_5,151:437,paint_top8,,4,gxBQ_window_00_frame_689,689,11.505385321866912,rescored_target_frame,ok,True,0.0781594246212975,-1.0,0.10041744105354329,0.18001489220676795,0.020819989900318643,0.75,"[1.0,1.0,0.0,0.0,1.0,1.0,1.0,1.0,null,null,null]",
gxBQ_window_00_frame_5::151:437,gxBQ_window_00_frame_5,151:437,paint_top8,,4,gxBQ_window_01_frame_5111,5111,85.34691492026384,rescored_target_frame,ok,True,0.0781594246212975,-1.0,0.1367963217283629,0.24716116979789782,0.026431473658827954,0.75,"[1.0,1.0,0.0,1.0,1.0,1.0,1.0,0.0,null,null,null]",
gxBQ_window_00_frame_5::151:437,gxBQ_window_00_frame_5,151:437,paint_top8,,4,gxBQ_window_02_frame_5766,5766,96.2845453786424,rescored_target_frame,ok,True,0.0781594246212975,-1.0,0.12666918577670414,0.22997872423341015,0.023359647319998122,0.625,"[1.0,1.0,0.0,0.0,1.0,1.0,1.0,0.0,null,null,null]",
gxBQ_window_00_frame_5::151:437,gxBQ_window_00_frame_5,151:437,paint_top8,,4,gxBQ_window_03_frame_77876,77876,1300.4258161476164,rescored_target_frame,ok,True,0.0781594246212975,-1.0,0.10504113230467185,0.18873240059288626,0.021349864016457457,0.625,"[1.0,1.0,0.0,0.0,1.0,1.0,1.0,0.0,null,null,null]",
gxBQ_window_00_frame_5::151:437,gxBQ_window_00_frame_5,151:437,paint_top8,,4,gxBQ_window_04_frame_86088,86088,1437.555314352509,rescored_target_frame,ok,True,0.0781594246212975,-1.0,0.10459529786933029,0.1881336060756804,0.021056989662980197,0.5,"[1.0,1.0,0.0,0.0,1.0,1.0,0.0,0.0,null,null,null]",
gxBQ_window_00_frame_5::166:664,gxBQ_window_00_frame_5,166:664,paint_top8,,3,gxBQ_window_00_frame_0,0,0.0,rescored_target_frame,ok,True,0.028519781872394515,-1.0,0.07511813930862565,0.13124762059148765,0.018988658025763654,0.7222222222222222,"[1.0,1.0,0.5,0.0,0.0,1.0,1.0,1.0,1.0,null,null]",
gxBQ_window_00_frame_5::166:664,gxBQ_window_00_frame_5,166:664,paint_top8,,3,gxBQ_window_00_frame_5,5,0.08349336227769892,saved_origin_record,ok,True,0.028519781872394515,-1.0,0.08495753377038742,0.15019436747803547,0.019720700062739377,0.7777777777777778,"[1.0,1.0,1.0,0.0,0.0,1.0,1.0,1.0,1.0,null,null]",
gxBQ_window_00_frame_5::166:664,gxBQ_window_00_frame_5,166:664,paint_top8,,3,gxBQ_window_00_frame_689,689,11.505385321866912,rescored_target_frame,ok,True,0.028519781872394515,-1.0,0.06943609755855724,0.12219029981914512,0.016681895297969374,0.7777777777777778,"[1.0,1.0,1.0,0.0,0.0,1.0,1.0,1.0,1.0,null,null]",
gxBQ_window_00_frame_5::166:664,gxBQ_window_00_frame_5,166:664,paint_top8,,3,gxBQ_window_01_frame_5111,5111,85.34691492026384,rescored_target_frame,ok,True,0.028519781872394515,-1.0,0.08529799665007014,0.14988996776511124,0.020706025535029034,0.6111111111111112,"[1.0,1.0,0.5,0.0,0.0,1.0,1.0,1.0,0.0,null,null]",
gxBQ_window_00_frame_5::166:664,gxBQ_window_00_frame_5,166:664,paint_top8,,3,gxBQ_window_02_frame_5766,5766,96.2845453786424,rescored_target_frame,ok,True,0.028519781872394515,-1.0,0.06715657852230357,0.119159816556402,0.015153340488205156,0.7222222222222222,"[1.0,1.0,0.5,0.0,0.0,1.0,1.0,1.0,1.0,null,null]",
gxBQ_window_00_frame_5::166:664,gxBQ_window_00_frame_5,166:664,paint_top8,,3,gxBQ_window_03_frame_77876,77876,1300.4258161476164,rescored_target_frame,ok,True,0.028519781872394515,-1.0,0.0762809976818787,0.13495654071469312,0.017605454649064267,0.6111111111111112,"[1.0,0.0,0.5,0.0,0.0,1.0,1.0,1.0,1.0,null,null]",
gxBQ_window_00_frame_5::166:664,gxBQ_window_00_frame_5,166:664,paint_top8,,3,gxBQ_window_04_frame_86088,86088,1437.555314352509,rescored_target_frame,ok,True,0.028519781872394515,-1.0,0.07643660453591658,0.13479119654916077,0.018082012522672376,0.8333333333333334,"[1.0,1.0,0.5,0.0,1.0,1.0,1.0,1.0,1.0,null,null]",
gxBQ_window_00_frame_5::181:1029,gxBQ_window_00_frame_5,181:1029,line_top8,3,,gxBQ_window_00_frame_0,0,0.0,rescored_target_frame,ok,True,0.08589944566754072,-1.0,0.2754041332999124,0.5034780584459161,0.04733020815390881,0.36363636363636365,"[1.0,0.0,0.0,0.0,1.0,1.0,0.0,0.0,0.0,1.0,0.0]",
gxBQ_window_00_frame_5::181:1029,gxBQ_window_00_frame_5,181:1029,line_top8,3,,gxBQ_window_00_frame_5,5,0.08349336227769892,saved_origin_record,ok,True,0.08589944566754074,-1.0,0.2733831196757967,0.500428951053435,0.04633728829815842,0.2727272727272727,"[1.0,0.0,0.0,0.0,0.0,1.0,0.0,0.0,0.0,1.0,0.0]",
gxBQ_window_00_frame_5::181:1029,gxBQ_window_00_frame_5,181:1029,line_top8,3,,gxBQ_window_00_frame_689,689,11.505385321866912,rescored_target_frame,ok,True,0.08589944566754072,-1.0,0.2911804195710722,0.5354216854401626,0.046939153701981914,0.36363636363636365,"[1.0,0.0,0.0,0.0,1.0,1.0,0.0,0.0,0.0,1.0,0.0]",
gxBQ_window_00_frame_5::181:1029,gxBQ_window_00_frame_5,181:1029,line_top8,3,,gxBQ_window_01_frame_5111,5111,85.34691492026384,rescored_target_frame,ok,True,0.08589944566754072,-1.0,0.29184005084683573,0.5369011209658656,0.04677898072780583,0.2727272727272727,"[1.0,0.0,0.0,0.0,1.0,1.0,0.0,0.0,0.0,0.0,0.0]",
gxBQ_window_00_frame_5::181:1029,gxBQ_window_00_frame_5,181:1029,line_top8,3,,gxBQ_window_02_frame_5766,5766,96.2845453786424,rescored_target_frame,ok,True,0.08589944566754072,-1.0,0.2850755600613284,0.5249892483000765,0.04516187182258025,0.36363636363636365,"[1.0,0.0,0.0,0.0,1.0,1.0,0.0,0.0,0.0,1.0,0.0]",
gxBQ_window_00_frame_5::181:1029,gxBQ_window_00_frame_5,181:1029,line_top8,3,,gxBQ_window_03_frame_77876,77876,1300.4258161476164,rescored_target_frame,ok,True,0.08589944566754072,-1.0,0.2364643643578408,0.4365560205063709,0.0363727082093107,0.2727272727272727,"[1.0,0.0,0.0,0.0,0.0,0.0,0.0,0.0,0.0,1.0,1.0]",
gxBQ_window_00_frame_5::181:1029,gxBQ_window_00_frame_5,181:1029,line_top8,3,,gxBQ_window_04_frame_86088,86088,1437.555314352509,rescored_target_frame,ok,True,0.08589944566754072,-1.0,0.23431240761427286,0.4326005252347443,0.03602428999380144,0.2727272727272727,"[1.0,0.0,0.0,0.0,0.0,0.0,0.0,0.0,0.0,1.0,1.0]",
gxBQ_window_00_frame_5::181:29836,gxBQ_window_00_frame_5,181:29836,line_top8,1,,gxBQ_window_00_frame_0,0,0.0,rescored_target_frame,ok,True,0.09709613806988347,-1.0,0.2778530632129666,0.5107039288038925,0.04500219762204077,0.2727272727272727,"[1.0,0.0,0.0,0.0,0.0,1.0,0.0,0.0,0.0,0.0,1.0]",529.1253931930823
gxBQ_window_00_frame_5::181:29836,gxBQ_window_00_frame_5,181:29836,line_top8,1,,gxBQ_window_00_frame_5,5,0.08349336227769892,saved_origin_record,ok,True,0.09709613806988351,-1.0,0.2778472429254331,0.5104341336492616,0.045260352201604626,0.18181818181818182,"[0.0,0.0,0.0,0.0,0.0,1.0,0.0,0.0,0.0,0.0,1.0]",529.1253931930823
gxBQ_window_00_frame_5::181:29836,gxBQ_window_00_frame_5,181:29836,line_top8,1,,gxBQ_window_00_frame_689,689,11.505385321866912,rescored_target_frame,ok,True,0.09709613806988347,-1.0,0.25937992075972655,0.47921470436260916,0.03954513715684392,0.18181818181818182,"[0.0,0.0,0.0,0.0,1.0,0.0,0.0,0.0,0.0,0.0,1.0]",529.1253931930823
gxBQ_window_00_frame_5::181:29836,gxBQ_window_00_frame_5,181:29836,line_top8,1,,gxBQ_window_01_frame_5111,5111,85.34691492026384,rescored_target_frame,ok,True,0.09709613806988347,-1.0,0.25460743783507267,0.46919460564182053,0.04002027002832486,0.18181818181818182,"[0.0,0.0,0.0,0.0,1.0,0.0,0.0,0.0,0.0,0.0,1.0]",529.1253931930823
gxBQ_window_00_frame_5::181:29836,gxBQ_window_00_frame_5,181:29836,line_top8,1,,gxBQ_window_02_frame_5766,5766,96.2845453786424,rescored_target_frame,ok,True,0.09709613806988347,-1.0,0.2520411499029951,0.46427940985121907,0.039802889954771103,0.18181818181818182,"[0.0,0.0,0.0,0.0,1.0,0.0,0.0,0.0,0.0,0.0,1.0]",529.1253931930823
gxBQ_window_00_frame_5::181:29836,gxBQ_window_00_frame_5,181:29836,line_top8,1,,gxBQ_window_03_frame_77876,77876,1300.4258161476164,rescored_target_frame,ok,True,0.09709613806988347,-1.0,0.24980923196586902,0.4617536649057293,0.03786479902600877,0.18181818181818182,"[1.0,0.0,0.0,0.0,0.0,0.0,0.0,0.0,0.0,0.0,1.0]",529.1253931930823
gxBQ_window_00_frame_5::181:29836,gxBQ_window_00_frame_5,181:29836,line_top8,1,,gxBQ_window_04_frame_86088,86088,1437.555314352509,rescored_target_frame,ok,True,0.09709613806988347,-1.0,0.22549371997310744,0.4177330573929811,0.03325438255323376,0.18181818181818182,"[1.0,0.0,0.0,0.0,0.0,0.0,0.0,0.0,0.0,0.0,1.0]",532.4721030113786
gxBQ_window_00_frame_5::181:8453,gxBQ_window_00_frame_5,181:8453,line_top8,8,,gxBQ_window_00_frame_0,0,0.0,rescored_target_frame,ok,True,0.08998896570233639,-1.0,0.2726503184661323,0.49894555505616084,0.046355081876103744,0.18181818181818182,"[1.0,0.0,0.0,0.0,0.0,1.0,0.0,0.0,0.0,0.0,0.0]",
gxBQ_window_00_frame_5::181:8453,gxBQ_window_00_frame_5,181:8453,line_top8,8,,gxBQ_window_00_frame_5,5,0.08349336227769892,saved_origin_record,ok,True,0.0899889657023364,-1.0,0.2714881361970841,0.4976387491384027,0.04533752325576547,0.18181818181818182,"[1.0,0.0,0.0,0.0,0.0,1.0,0.0,0.0,0.0,0.0,0.0]",
gxBQ_window_00_frame_5::181:8453,gxBQ_window_00_frame_5,181:8453,line_top8,8,,gxBQ_window_00_frame_689,689,11.505385321866912,rescored_target_frame,ok,True,0.08998896570233639,-1.0,0.2888582845534134,0.5318194757169051,0.04589709338992166,0.2727272727272727,"[1.0,0.0,0.0,0.0,0.0,1.0,0.0,0.0,0.0,1.0,0.0]",
gxBQ_window_00_frame_5::181:8453,gxBQ_window_00_frame_5,181:8453,line_top8,8,,gxBQ_window_01_frame_5111,5111,85.34691492026384,rescored_target_frame,ok,True,0.08998896570233639,-1.0,0.2864165157945332,0.5276246274982236,0.04520840409084278,0.18181818181818182,"[1.0,0.0,0.0,0.0,0.0,1.0,0.0,0.0,0.0,0.0,0.0]",
gxBQ_window_00_frame_5::181:8453,gxBQ_window_00_frame_5,181:8453,line_top8,8,,gxBQ_window_02_frame_5766,5766,96.2845453786424,rescored_target_frame,ok,True,0.08998896570233639,-1.0,0.28354763113992604,0.5225411017436067,0.04455416053624542,0.18181818181818182,"[1.0,0.0,0.0,0.0,0.0,1.0,0.0,0.0,0.0,0.0,0.0]",
gxBQ_window_00_frame_5::181:8453,gxBQ_window_00_frame_5,181:8453,line_top8,8,,gxBQ_window_03_frame_77876,77876,1300.4258161476164,rescored_target_frame,ok,True,0.08998896570233639,-1.0,0.23795668954963278,0.4366581412182539,0.03925523788101168,0.2727272727272727,"[1.0,0.0,0.0,0.0,1.0,0.0,0.0,0.0,0.0,0.0,1.0]",
gxBQ_window_00_frame_5::181:8453,gxBQ_window_00_frame_5,181:8453,line_top8,8,,gxBQ_window_04_frame_86088,86088,1437.555314352509,rescored_target_frame,ok,True,0.08998896570233639,-1.0,0.23702404518036804,0.4348917420491958,0.0391563483115403,0.36363636363636365,"[1.0,0.0,0.0,0.0,1.0,0.0,0.0,0.0,1.0,0.0,1.0]",
gxBQ_window_00_frame_5::181:950,gxBQ_window_00_frame_5,181:950,line_top8,7,,gxBQ_window_00_frame_0,0,0.0,rescored_target_frame,ok,True,0.08481261008288069,-1.0,0.28044030426118527,0.5144906481999274,0.0463899603224431,0.2727272727272727,"[1.0,0.0,0.0,0.0,1.0,1.0,0.0,0.0,0.0,0.0,0.0]",501.7482290845938
gxBQ_window_00_frame_5::181:950,gxBQ_window_00_frame_5,181:950,line_top8,7,,gxBQ_window_00_frame_5,5,0.08349336227769892,saved_origin_record,ok,True,0.08481261008288069,-1.0,0.27166074163613235,0.4983533480175421,0.04496813525472257,0.18181818181818182,"[1.0,0.0,0.0,0.0,0.0,1.0,0.0,0.0,0.0,0.0,0.0]",501.7482290845938
gxBQ_window_00_frame_5::181:950,gxBQ_window_00_frame_5,181:950,line_top8,7,,gxBQ_window_00_frame_689,689,11.505385321866912,rescored_target_frame,ok,True,0.08481261008288069,-1.0,0.2918839941030251,0.5383162005928264,0.04545178761322384,0.45454545454545453,"[1.0,1.0,0.0,0.0,1.0,1.0,0.0,0.0,1.0,0.0,0.0]",501.7482290845938
gxBQ_window_00_frame_5::181:950,gxBQ_window_00_frame_5,181:950,line_top8,7,,gxBQ_window_01_frame_5111,5111,85.34691492026384,rescored_target_frame,ok,True,0.08481261008288069,-1.0,0.2848281886049285,0.5240308435501526,0.04562553365970431,0.36363636363636365,"[1.0,1.0,0.0,0.0,1.0,1.0,0.0,0.0,0.0,0.0,0.0]",501.7482290845938
gxBQ_window_00_frame_5::181:950,gxBQ_window_00_frame_5,181:950,line_top8,7,,gxBQ_window_02_frame_5766,5766,96.2845453786424,rescored_target_frame,ok,True,0.08481261008288069,-1.0,0.2803102593022727,0.5152067720986632,0.0454137465058823,0.36363636363636365,"[1.0,1.0,0.0,0.0,1.0,1.0,0.0,0.0,0.0,0.0,0.0]",501.7482290845938
gxBQ_window_00_frame_5::181:950,gxBQ_window_00_frame_5,181:950,line_top8,7,,gxBQ_window_03_frame_77876,77876,1300.4258161476164,rescored_target_frame,ok,True,0.08481261008288069,-1.0,0.2652407158905845,0.4898258396048653,0.04065559217630377,0.2727272727272727,"[1.0,0.0,0.0,0.0,0.0,0.0,0.0,0.0,1.0,1.0,0.0]",501.7482290845938
gxBQ_window_00_frame_5::181:950,gxBQ_window_00_frame_5,181:950,line_top8,7,,gxBQ_window_04_frame_86088,86088,1437.555314352509,rescored_target_frame,ok,True,0.08481261008288069,-1.0,0.2665219185930202,0.49331745169657687,0.03972638548946351,0.18181818181818182,"[1.0,0.0,0.0,0.0,0.0,0.0,0.0,0.0,0.0,1.0,0.0]",505.08384474657777
gxBQ_window_00_frame_5::181:959,gxBQ_window_00_frame_5,181:959,line_top8,5,,gxBQ_window_00_frame_0,0,0.0,rescored_target_frame,ok,True,0.08661256618614345,-1.0,0.2834543982475205,0.5198688306602975,0.047039965834743416,0.18181818181818182,"[1.0,1.0,0.0,0.0,0.0,0.0,0.0,0.0,0.0,0.0,0.0]",
gxBQ_window_00_frame_5::181:959,gxBQ_window_00_frame_5,181:959,line_top8,5,,gxBQ_window_00_frame_5,5,0.08349336227769892,saved_origin_record,ok,True,0.08661256618614345,-1.0,0.2732786075968123,0.5009805045178172,0.04557671067580742,0.18181818181818182,"[1.0,1.0,0.0,0.0,0.0,0.0,0.0,0.0,0.0,0.0,0.0]",
gxBQ_window_00_frame_5::181:959,gxBQ_window_00_frame_5,181:959,line_top8,5,,gxBQ_window_00_frame_689,689,11.505385321866912,rescored_target_frame,ok,True,0.08661256618614345,-1.0,0.29274401247243675,0.540376995786438,0.045111029158435435,0.2727272727272727,"[1.0,1.0,0.0,0.0,1.0,0.0,0.0,0.0,0.0,0.0,0.0]",
gxBQ_window_00_frame_5::181:959,gxBQ_window_00_frame_5,181:959,line_top8,5,,gxBQ_window_01_frame_5111,5111,85.34691492026384,rescored_target_frame,ok,True,0.08661256618614345,-1.0,0.29481207809811705,0.5429915051877106,0.046632651008523505,0.2727272727272727,"[1.0,1.0,0.0,0.0,1.0,0.0,0.0,0.0,0.0,0.0,0.0]",
gxBQ_window_00_frame_5::181:959,gxBQ_window_00_frame_5,181:959,line_top8,5,,gxBQ_window_02_frame_5766,5766,96.2845453786424,rescored_target_frame,ok,True,0.08661256618614345,-1.0,0.29336694887102877,0.5399871268933126,0.046746770848744894,0.18181818181818182,"[1.0,1.0,0.0,0.0,0.0,0.0,0.0,0.0,0.0,0.0,0.0]",
gxBQ_window_00_frame_5::181:959,gxBQ_window_00_frame_5,181:959,line_top8,5,,gxBQ_window_03_frame_77876,77876,1300.4258161476164,rescored_target_frame,ok,True,0.08661256618614345,-1.0,0.2502378286539681,0.46154525775527716,0.038930399552659034,0.18181818181818182,"[1.0,0.0,0.0,0.0,0.0,0.0,0.0,0.0,0.0,1.0,0.0]",
gxBQ_window_00_frame_5::181:959,gxBQ_window_00_frame_5,181:959,line_top8,5,,gxBQ_window_04_frame_86088,86088,1437.555314352509,rescored_target_frame,ok,True,0.08661256618614345,-1.0,0.23662895541021492,0.4371769244062637,0.03608098641416615,0.18181818181818182,"[1.0,0.0,0.0,0.0,0.0,0.0,0.0,0.0,0.0,1.0,0.0]",
gxBQ_window_00_frame_5::213:11277,gxBQ_window_00_frame_5,213:11277,paint_top8,,8,gxBQ_window_00_frame_0,0,0.0,rescored_target_frame,ok,True,0.03534647232388079,-1.0,0.16829108397596682,0.3255016434550366,0.011080524496897002,0.6818181818181818,"[1.0,1.0,0.5,0.0,0.0,1.0,1.0,0.0,1.0,1.0,1.0]",
gxBQ_window_00_frame_5::213:11277,gxBQ_window_00_frame_5,213:11277,paint_top8,,8,gxBQ_window_00_frame_5,5,0.08349336227769892,saved_origin_record,ok,True,0.03534647232388079,-1.0,0.17070140569231032,0.32997413183926133,0.01142867954535931,0.6818181818181818,"[1.0,1.0,0.5,0.0,0.0,1.0,1.0,0.0,1.0,1.0,1.0]",
gxBQ_window_00_frame_5::213:11277,gxBQ_window_00_frame_5,213:11277,paint_top8,,8,gxBQ_window_00_frame_689,689,11.505385321866912,rescored_target_frame,ok,True,0.03534647232388079,-1.0,0.1677409384543798,0.32500310587106035,0.010478771037699204,0.6363636363636364,"[1.0,1.0,0.0,0.0,0.0,1.0,1.0,0.0,1.0,1.0,1.0]",
gxBQ_window_00_frame_5::213:11277,gxBQ_window_00_frame_5,213:11277,paint_top8,,8,gxBQ_window_01_frame_5111,5111,85.34691492026384,rescored_target_frame,ok,True,0.03534647232388079,-1.0,0.12929105548908434,0.24914423063197616,0.009437880346192544,0.6818181818181818,"[1.0,1.0,0.5,0.0,0.0,1.0,1.0,0.0,1.0,1.0,1.0]",
gxBQ_window_00_frame_5::213:11277,gxBQ_window_00_frame_5,213:11277,paint_top8,,8,gxBQ_window_02_frame_5766,5766,96.2845453786424,rescored_target_frame,ok,True,0.03534647232388079,-1.0,0.12941358946398518,0.2507693110335815,0.008057867894388815,0.6363636363636364,"[1.0,1.0,0.0,0.0,0.0,1.0,1.0,0.0,1.0,1.0,1.0]",
gxBQ_window_00_frame_5::213:11277,gxBQ_window_00_frame_5,213:11277,paint_top8,,8,gxBQ_window_03_frame_77876,77876,1300.4258161476164,rescored_target_frame,ok,True,0.03534647232388079,-1.0,0.11864922697715707,0.2291697747491795,0.008128679205134657,0.45454545454545453,"[1.0,0.0,0.0,0.0,0.0,1.0,1.0,0.0,1.0,0.0,1.0]",
gxBQ_window_00_frame_5::213:11277,gxBQ_window_00_frame_5,213:11277,paint_top8,,8,gxBQ_window_04_frame_86088,86088,1437.555314352509,rescored_target_frame,ok,True,0.03534647232388079,-1.0,0.07734732265921321,0.15076235105747246,0.0039322942609539505,0.2727272727272727,"[1.0,0.0,0.0,0.0,0.0,0.0,1.0,0.0,1.0,0.0,0.0]",
gxBQ_window_00_frame_5::213:55945,gxBQ_window_00_frame_5,213:55945,paint_top8,,7,gxBQ_window_00_frame_0,0,0.0,rescored_target_frame,ok,True,0.030380165101999673,-1.0,0.18700795555679744,0.3605232595596507,0.013492651553944178,0.6818181818181818,"[1.0,1.0,0.5,0.0,0.0,1.0,1.0,0.0,1.0,1.0,1.0]",
gxBQ_window_00_frame_5::213:55945,gxBQ_window_00_frame_5,213:55945,paint_top8,,7,gxBQ_window_00_frame_5,5,0.08349336227769892,saved_origin_record,ok,True,0.030380165101999673,-1.0,0.18693379023492382,0.36027795429397197,0.013589626175875672,0.6818181818181818,"[1.0,1.0,0.5,0.0,0.0,1.0,1.0,0.0,1.0,1.0,1.0]",
gxBQ_window_00_frame_5::213:55945,gxBQ_window_00_frame_5,213:55945,paint_top8,,7,gxBQ_window_00_frame_689,689,11.505385321866912,rescored_target_frame,ok,True,0.030380165101999673,-1.0,0.18832524196407005,0.3637375201474088,0.01291296378073129,0.6363636363636364,"[1.0,1.0,0.0,0.0,0.0,1.0,1.0,0.0,1.0,1.0,1.0]",
gxBQ_window_00_frame_5::213:55945,gxBQ_window_00_frame_5,213:55945,paint_top8,,7,gxBQ_window_01_frame_5111,5111,85.34691492026384,rescored_target_frame,ok,True,0.030380165101999673,-1.0,0.14595523240351396,0.2803918421998989,0.011518622607129023,0.6818181818181818,"[1.0,1.0,0.5,0.0,0.0,1.0,1.0,0.0,1.0,1.0,1.0]",
gxBQ_window_00_frame_5::213:55945,gxBQ_window_00_frame_5,213:55945,paint_top8,,7,gxBQ_window_02_frame_5766,5766,96.2845453786424,rescored_target_frame,ok,True,0.030380165101999673,-1.0,0.14646210503539792,0.2827940533948116,0.010130156675984214,0.6363636363636364,"[1.0,1.0,0.0,0.0,0.0,1.0,1.0,0.0,1.0,1.0,1.0]",
gxBQ_window_00_frame_5::213:55945,gxBQ_window_00_frame_5,213:55945,paint_top8,,7,gxBQ_window_03_frame_77876,77876,1300.4258161476164,rescored_target_frame,ok,True,0.030380165101999673,-1.0,0.12790808161860018,0.24666406997259374,0.009152093264606607,0.36363636363636365,"[0.0,0.0,0.0,0.0,0.0,1.0,1.0,0.0,1.0,0.0,1.0]",
gxBQ_window_00_frame_5::213:55945,gxBQ_window_00_frame_5,213:55945,paint_top8,,7,gxBQ_window_04_frame_86088,86088,1437.555314352509,rescored_target_frame,ok,True,0.030380165101999673,-1.0,0.08384621533182464,0.16310452763380798,0.004587903029841293,0.36363636363636365,"[1.0,0.0,0.0,0.0,0.0,1.0,1.0,0.0,1.0,0.0,0.0]",
gxBQ_window_00_frame_5::46:3243,gxBQ_window_00_frame_5,46:3243,paint_top8,,2,gxBQ_window_00_frame_0,0,0.0,rescored_target_frame,ok,True,0.06376434105484424,-1.0,0.14185139516156925,0.26280865899024813,0.020894131332890364,0.6666666666666666,"[1.0,0.0,1.0,0.0,0.0,1.0,1.0,1.0,1.0,null,null]",
gxBQ_window_00_frame_5::46:3243,gxBQ_window_00_frame_5,46:3243,paint_top8,,2,gxBQ_window_00_frame_5,5,0.08349336227769892,saved_origin_record,ok,True,0.06376434105484424,-1.0,0.12159233686088014,0.2242755783459264,0.018909095375833865,0.7777777777777778,"[1.0,1.0,1.0,0.0,0.0,1.0,1.0,1.0,1.0,null,null]",
gxBQ_window_00_frame_5::46:3243,gxBQ_window_00_frame_5,46:3243,paint_top8,,2,gxBQ_window_00_frame_689,689,11.505385321866912,rescored_target_frame,ok,True,0.06376434105484424,-1.0,0.0994798442503631,0.1834946175509492,0.015465070949777011,0.7777777777777778,"[1.0,1.0,1.0,0.0,0.0,1.0,1.0,1.0,1.0,null,null]",
gxBQ_window_00_frame_5::46:3243,gxBQ_window_00_frame_5,46:3243,paint_top8,,2,gxBQ_window_01_frame_5111,5111,85.34691492026384,rescored_target_frame,ok,True,0.06376434105484424,-1.0,0.13976507995861143,0.25988377330737517,0.01964638660984767,0.5,"[0.0,0.0,0.5,0.0,0.0,1.0,1.0,1.0,1.0,null,null]",
gxBQ_window_00_frame_5::46:3243,gxBQ_window_00_frame_5,46:3243,paint_top8,,2,gxBQ_window_02_frame_5766,5766,96.2845453786424,rescored_target_frame,ok,True,0.06376434105484424,-1.0,0.08862583971019287,0.16396466386605826,0.013287015554327496,0.7777777777777778,"[1.0,1.0,1.0,0.0,0.0,1.0,1.0,1.0,1.0,null,null]",
gxBQ_window_00_frame_5::46:3243,gxBQ_window_00_frame_5,46:3243,paint_top8,,2,gxBQ_window_03_frame_77876,77876,1300.4258161476164,rescored_target_frame,ok,True,0.06376434105484424,-1.0,0.09724830318960256,0.17935493820548876,0.01514166817371636,0.8333333333333334,"[1.0,1.0,0.5,1.0,0.0,1.0,1.0,1.0,1.0,null,null]",
gxBQ_window_00_frame_5::46:3243,gxBQ_window_00_frame_5,46:3243,paint_top8,,2,gxBQ_window_04_frame_86088,86088,1437.555314352509,rescored_target_frame,ok,True,0.06376434105484424,-1.0,0.08237012488955633,0.14992715580665866,0.014813093972454013,0.7222222222222222,"[1.0,1.0,0.5,0.0,0.0,1.0,1.0,1.0,1.0,null,null]",
