case_id,candidate_id,interval,station_zero_based,offset_working_px,x,y,available,passing,recorded_minimum_contrast,direct_bilinear_minimum_contrast,installed_cv2_minimum_contrast
am2_window_01_frame_28019,184:4123,10,0,-4,832.7321184454063,198.71757607453134,True,False,-4.016021728515625,-4.016021968796849,-4.322265625
am2_window_01_frame_28019,184:4123,10,0,-2,832.5662890700933,200.7106893724357,True,False,-29.810531616210938,-29.810535261407495,-29.869140625
am2_window_01_frame_28019,184:4123,10,0,0,832.4004596947801,202.70380267034008,True,False,-16.048110961914062,-16.04810819402337,-15.75390625
am2_window_01_frame_28019,184:4123,10,0,2,832.234630319467,204.69691596824447,True,False,-6.852447509765625,-6.852446724660695,-6.265625
am2_window_01_frame_28019,184:4123,10,0,4,832.068800944154,206.69002926614883,True,True,20.159393310546875,20.159394005313516,19.935546875
am2_window_01_frame_28019,184:4123,10,1,-4,838.2364463872898,199.17554264626648,True,False,-35.18042755126953,-35.18043213710189,-35.4375
am2_window_01_frame_28019,184:4123,10,1,-2,838.0706170119768,201.16865594417084,True,False,-27.051589965820312,-27.051595830358565,-26.900390625
am2_window_01_frame_28019,184:4123,10,1,0,837.9047876366636,203.16176924207522,True,False,-51.06452941894531,-51.06452231109142,-51.2685546875
am2_window_01_frame_28019,184:4123,10,1,2,837.7389582613505,205.1548825399796,True,False,-79.6246337890625,-79.62462577596307,-79.546875
am2_window_01_frame_28019,184:4123,10,1,4,837.5731288860375,207.14799583788397,True,False,-58.99273681640625,-58.99273139517754,-59.2265625
am2_window_01_frame_28019,184:4123,10,2,-4,843.7407743291733,199.6335092180016,True,False,-61.22681427001953,-61.22680498287082,-61.34375
am2_window_01_frame_28019,184:4123,10,2,-2,843.5749449538603,201.62662251590595,True,True,10.576690673828125,10.576690256595612,11.640625
am2_window_01_frame_28019,184:4123,10,2,0,843.4091155785471,203.61973581381034,True,False,-42.35211181640625,-42.35211019124836,-41.9345703125
am2_window_01_frame_28019,184:4123,10,2,2,843.243286203234,205.61284911171472,True,False,-74.63235473632812,-74.6323637906462,-74.7109375
am2_window_01_frame_28019,184:4123,10,2,4,843.077456827921,207.60596240961908,True,False,-74.80519104003906,-74.80519765987992,-75.8017578125
am2_window_01_frame_28019,184:4123,10,3,-4,849.2451017994367,200.0914757504974,True,False,-124.01551818847656,-124.0155208017677,-123.734375
am2_window_01_frame_28019,184:4123,10,3,-2,849.0792724241237,202.08458904840177,True,False,-40.4605712890625,-40.46056992560625,-40.6591796875
am2_window_01_frame_28019,184:4123,10,3,0,848.9134430488106,204.07770234630615,True,False,-34.18486022949219,-34.184867503121495,-34.49609375
am2_window_01_frame_28019,184:4123,10,3,2,848.7476136734974,206.07081564421054,True,False,-27.867889404296875,-27.867883797734976,-27.953125
am2_window_01_frame_28019,184:4123,10,3,4,848.5817842981844,208.0639289421149,True,False,-16.616928100585938,-16.61693061515689,-16.4541015625
am2_window_01_frame_28019,184:4123,10,4,-4,854.7494302129402,200.54944236147188,True,False,-81.363037109375,-81.36302912980318,-80.7578125
am2_window_01_frame_28019,184:4123,10,4,-2,854.5836008376272,202.54255565937623,True,False,-45.84002685546875,-45.84003559406847,-45.7509765625
am2_window_01_frame_28019,184:4123,10,4,0,854.417771462314,204.53566895728062,True,False,-36.1348876953125,-36.13488128967583,-36.4619140625
am2_window_01_frame_28019,184:4123,10,4,2,854.2519420870009,206.528782255185,True,False,-1.58746337890625,-1.5874610915780067,-1.4453125
am2_window_01_frame_28019,184:4123,10,4,4,854.0861127116879,208.52189555308937,True,False,2.9772491455078125,2.977260953746736,2.8251953125
am2_window_01_frame_28019,184:4123,10,5,-4,860.2537567399636,201.007408815489,True,False,-155.64540100097656,-155.64540205523372,-156.25
am2_window_01_frame_28019,184:4123,10,5,-2,860.0879273646506,203.00052211339334,True,False,-62.72279357910156,-62.722787292674184,-62.79296875
am2_window_01_frame_28019,184:4123,10,5,0,859.9220979893374,204.99363541129773,True,False,-25.935699462890625,-25.93569552898407,-26.078125
am2_window_01_frame_28019,184:4123,10,5,2,859.7562686140243,206.98674870920212,True,False,6.3059234619140625,6.305922992527485,6.75
am2_window_01_frame_28019,184:4123,10,5,4,859.5904392387113,208.97986200710648,True,False,-8.16748046875,-8.167481388896704,-8.142578125
am2_window_01_frame_28019,184:4123,10,6,-4,865.758085153467,201.46537542646345,True,False,-85.00250244140625,-85.00250700488687,-84.859375
am2_window_01_frame_28019,184:4123,10,6,-2,865.592255778154,203.4584887243678,True,False,-18.966354370117188,-18.96635090187192,-18.8076171875
am2_window_01_frame_28019,184:4123,10,6,0,865.4264264028409,205.4516020222722,True,False,-111.81546783447266,-111.81545970961452,-112.078125
am2_window_01_frame_28019,184:4123,10,6,2,865.2605970275278,207.44471532017658,True,False,-39.04078674316406,-39.040786458179355,-39.125
am2_window_01_frame_28019,184:4123,10,6,4,865.0947676522147,209.43782861808094,True,False,-21.498672485351562,-21.498676855117083,-21.9658203125
am2_window_01_frame_28019,184:4123,10,7,-4,871.2624116804905,201.92334188048056,True,False,-95.16089630126953,-95.16090139187872,-95.0390625
am2_window_01_frame_28019,184:4123,10,7,-2,871.0965823051774,203.91645517838492,True,False,1.85821533203125,1.8582212552428246,1.80859375
am2_window_01_frame_28019,184:4123,10,7,0,870.9307529298643,205.9095684762893,True,False,-104.40189361572266,-104.40189190767705,-103.6875
am2_window_01_frame_28019,184:4123,10,7,2,870.7649235545512,207.9026817741937,True,False,-6.4954376220703125,-6.495432926341891,-5.36328125
am2_window_01_frame_28019,184:4123,10,7,4,870.5990941792381,209.89579507209805,True,False,-1.85821533203125,-1.8582212552428246,-1.80859375
am2_window_01_frame_28019,184:4123,10,8,-4,876.7667419804742,202.3813086484124,True,False,-1.3750228881835938,-1.375020045787096,-1.3359375
am2_window_01_frame_28019,184:4123,10,8,-2,876.6009126051612,204.37442194631677,True,True,61.78239440917969,61.78238933905959,61.8046875
am2_window_01_frame_28019,184:4123,10,8,0,876.435083229848,206.36753524422116,True,True,11.01751708984375,11.017520613968372,10.8828125
am2_window_01_frame_28019,184:4123,10,8,2,876.2692538545349,208.36064854212555,True,False,-0.958984375,-0.958984375,-0.9375
am2_window_01_frame_28019,184:4123,10,8,4,876.1034244792219,210.3537618400299,True,False,-61.78239440917969,-61.78238933905959,-61.8046875
am2_window_01_frame_28019,184:4123,10,9,-4,882.2710685074975,202.83927510242953,True,True,86.98880767822266,86.98881217092276,86.94140625
am2_window_01_frame_28019,184:4123,10,9,-2,882.1052391321845,204.83238840033388,True,True,33.04522705078125,33.045231979340315,33.6435546875
am2_window_01_frame_28019,184:4123,10,9,0,881.9394097568713,206.82550169823827,True,False,-61.478729248046875,-61.47873866185546,-60.806640625
am2_window_01_frame_28019,184:4123,10,9,2,881.7735803815582,208.81861499614266,True,False,-113.76898193359375,-113.7689902074635,-113.44140625
am2_window_01_frame_28019,184:4123,10,9,4,881.6077510062452,210.81172829404701,True,False,-155.74761962890625,-155.7476281011477,-155.7275390625
am2_window_01_frame_28019,184:4123,10,10,-4,887.7753950345209,203.29724155644664,True,True,101.20650482177734,101.20649994723499,101.0078125
am2_window_01_frame_28019,184:4123,10,10,-2,887.6095656592079,205.290354854351,True,True,88.75479125976562,88.75479555036873,88.73828125
am2_window_01_frame_28019,184:4123,10,10,0,887.4437362838947,207.28346815225538,True,True,19.583656311035156,19.58365713711828,19.44921875
am2_window_01_frame_28019,184:4123,10,10,2,887.2779069085816,209.27658145015977,True,False,-146.0625,-146.062500115484,-145.984375
am2_window_01_frame_28019,184:4123,10,10,4,887.1120775332686,211.26969474806413,True,False,-155.63148498535156,-155.63148879539222,-155.609375
am2_window_01_frame_28019,184:4123,10,11,-4,893.2797253345045,203.7552083243785,True,True,65.70889282226562,65.70888926275074,65.205078125
am2_window_01_frame_28019,184:4123,10,11,-2,893.1138959591915,205.74832162228284,True,True,89.99551391601562,89.9955222569406,90.22265625
am2_window_01_frame_28019,184:4123,10,11,0,892.9480665838784,207.74143492018723,True,False,-119.20427703857422,-119.20427862461656,-119.251953125
am2_window_01_frame_28019,184:4123,10,11,2,892.7822372085652,209.73454821809162,True,False,-186.52099609375,-186.52099857386202,-187.1884765625
am2_window_01_frame_28019,184:4123,10,11,4,892.6164078332522,211.72766151599598,True,False,-107.4847412109375,-107.48473783582449,-107.46484375
am2_window_01_frame_28019,184:4123,10,12,-4,898.7840518615279,204.21317477839557,True,False,-3.3303909301757812,-3.330390035174787,-2.791015625
am2_window_01_frame_28019,184:4123,10,12,-2,898.6182224862149,206.20628807629993,True,True,87.28487396240234,87.28487614262849,86.15625
am2_window_01_frame_28019,184:4123,10,12,0,898.4523931109018,208.1994013742043,True,False,-161.6259765625,-161.6259623579681,-161.34375
am2_window_01_frame_28019,184:4123,10,12,2,898.2865637355886,210.1925146721087,True,False,-171.8898468017578,-171.88985326699913,-172.1455078125
am2_window_01_frame_28019,184:4123,10,12,4,898.1207343602756,212.18562797001306,True,False,-144.5092315673828,-144.50922047905624,-144.3984375
am2_window_01_frame_28019,184:4123,10,13,-4,904.2883783885512,204.67114123241268,True,True,49.49066162109375,49.49066062271595,49.81640625
am2_window_01_frame_28019,184:4123,10,13,-2,904.1225490132382,206.66425453031704,True,True,17.556488037109375,17.5564896594733,17.75390625
am2_window_01_frame_28019,184:4123,10,13,0,903.9567196379251,208.65736782822142,True,False,-44.399681091308594,-44.39968406688422,-45.0498046875
am2_window_01_frame_28019,184:4123,10,13,2,903.7908902626119,210.6504811261258,True,False,-143.45957946777344,-143.45957688987255,-143.76171875
am2_window_01_frame_28019,184:4123,10,13,4,903.6250608872989,212.64359442403017,True,False,-73.56988525390625,-73.56989426072687,-72.8515625
am2_window_01_frame_28019,184:4123,10,14,-4,909.7927049155746,205.1291076864298,True,True,117.27745056152344,117.27745516598225,118.1796875
am2_window_01_frame_28019,184:4123,10,14,-2,909.6268755402616,207.12222098433415,True,True,55.46454620361328,55.46454590559006,56.1328125
am2_window_01_frame_28019,184:4123,10,14,0,909.4610461649485,209.11533428223854,True,False,-15.321609497070312,-15.321601504459977,-14.01171875
am2_window_01_frame_28019,184:4123,10,14,2,909.2952167896353,211.10844758014292,True,False,-144.07608032226562,-144.07607614435256,-145.525390625
am2_window_01_frame_28019,184:4123,10,14,4,909.1293874143223,213.10156087804728,True,False,-120.40679168701172,-120.40679796226323,-120.90234375
am2_window_01_frame_28019,184:4123,10,15,-4,915.2970389885186,205.58707476827638,True,True,42.302879333496094,42.30287257395685,43.501953125
am2_window_01_frame_28019,184:4123,10,15,-2,915.1312096132056,207.58018806618074,True,True,27.171005249023438,27.171001125127077,27.34765625
am2_window_01_frame_28019,184:4123,10,15,0,914.9653802378924,209.57330136408513,True,True,22.675369262695312,22.675377484411,22.85546875
am2_window_01_frame_28019,184:4123,10,15,2,914.7995508625793,211.5664146619895,True,False,-49.085693359375,-49.08568402566016,-48.94140625
am2_window_01_frame_28019,184:4123,10,15,4,914.6337214872663,213.55952795989387,True,False,-49.09211730957031,-49.092115277424455,-49.35546875
am2_window_01_frame_28019,184:4123,10,16,-4,920.801365515542,206.0450412222935,True,False,-2.3238067626953125,-2.3238051123917103,-2.525390625
am2_window_01_frame_28019,184:4123,10,16,-2,920.635536140229,208.03815452019785,True,True,51.32182312011719,51.32183005288243,51.28515625
am2_window_01_frame_28019,184:4123,10,16,0,920.4697067649158,210.03126781810224,True,True,26.159378051757812,26.159384245984256,25.4833984375
am2_window_01_frame_28019,184:4123,10,16,2,920.3038773896027,212.02438111600662,True,False,2.3238067626953125,2.3238051123917103,2.525390625
am2_window_01_frame_28019,184:4123,10,16,4,920.1380480142897,214.01749441391098,True,False,-51.32182312011719,-51.32183005288243,-51.28515625
am2_window_01_frame_28019,184:4123,10,17,-4,926.3056920425654,206.5030076763106,True,True,17.761093139648438,17.76109495945275,17.400390625
am2_window_01_frame_28019,184:4123,10,17,-2,926.1398626672524,208.49612097421496,True,True,68.66692352294922,68.66692627966404,68.52734375
am2_window_01_frame_28019,184:4123,10,17,0,925.9740332919392,210.48923427211935,True,True,50.32939910888672,50.329399574548006,50.390625
am2_window_01_frame_28019,184:4123,10,17,2,925.8082039166261,212.48234757002373,True,False,-17.761093139648438,-17.76109495945275,-17.400390625
am2_window_01_frame_28019,184:4123,10,17,4,925.6423745413131,214.4754608679281,True,False,-69.68014526367188,-69.68014380335808,-69.5771484375
am2_window_01_frame_28019,184:4123,10,18,-4,931.8100185695887,206.9609741303277,True,True,46.64152526855469,46.64152817055583,47.3046875
am2_window_01_frame_28019,184:4123,10,18,-2,931.6441891942757,208.95408742823207,True,True,22.473419189453125,22.47342734411359,21.80078125
am2_window_01_frame_28019,184:4123,10,18,0,931.4783598189625,210.94720072613646,True,False,-25.39899444580078,-25.398992210626602,-25.384765625
am2_window_01_frame_28019,184:4123,10,18,2,931.3125304436494,212.94031402404084,True,False,-61.76158142089844,-61.76158222183585,-62.19140625
am2_window_01_frame_28019,184:4123,10,18,4,931.1467010683364,214.9334273219452,True,False,-30.490257263183594,-30.490262914448977,-30.630859375
am2_window_01_frame_28019,184:4123,10,19,-4,937.3143450966121,207.4189405843448,True,True,17.41053009033203,17.41052375547588,16.009765625
am2_window_01_frame_28019,184:4123,10,19,-2,937.1485157212991,209.41205388224915,True,True,29.472091674804688,29.4721010774374,29.533203125
am2_window_01_frame_28019,184:4123,10,19,0,936.9826863459859,211.40516718015354,True,True,13.291938781738281,13.291938478127122,13.46875
am2_window_01_frame_28019,184:4123,10,19,2,936.8168569706728,213.39828047805793,True,False,-17.41053009033203,-17.41052375547588,-16.009765625
am2_window_01_frame_28019,184:4123,10,19,4,936.6510275953598,215.39139377596229,True,False,-29.472091674804688,-29.4721010774374,-29.533203125
am2_window_01_frame_28019,184:4123,10,20,-4,942.8186716236354,207.8769070383619,True,True,86.84690856933594,86.84690814372152,85.587890625
am2_window_01_frame_28019,184:4123,10,20,-2,942.6528422483224,209.87002033626626,True,True,55.96788787841797,55.96789137274027,55.490234375
am2_window_01_frame_28019,184:4123,10,20,0,942.4870128730092,211.86313363417065,True,True,92.12138366699219,92.1213839892298,91.9375
am2_window_01_frame_28019,184:4123,10,20,2,942.3211834976961,213.85624693207504,True,False,-86.84690856933594,-86.84690814372152,-85.587890625
am2_window_01_frame_28019,184:4123,10,20,4,942.1553541223831,215.8493602299794,True,False,-56.03706359863281,-56.03706765174866,-55.5087890625
am2_window_01_frame_28019,184:4123,10,21,-4,948.3230056965795,208.3348741202085,True,True,55.73809051513672,55.7380885258317,55.853515625
am2_window_01_frame_28019,184:4123,10,21,-2,948.1571763212664,210.32798741811285,True,True,14.489158630371094,14.4891556520015,15.2490234375
am2_window_01_frame_28019,184:4123,10,21,0,947.9913469459533,212.32110071601724,True,False,-12.276885986328125,-12.276885237544775,-14.0
am2_window_01_frame_28019,184:4123,10,21,2,947.8255175706402,214.31421401392163,True,False,-55.73809051513672,-55.7380885258317,-55.853515625
am2_window_01_frame_28019,184:4123,10,21,4,947.6596881953271,216.307327311826,True,False,-38.38689422607422,-38.38689476624131,-39.755859375
am2_window_01_frame_28019,184:4123,10,22,-4,953.8273322236028,208.7928405742256,True,True,56.129852294921875,56.129850432276726,55.1787109375
am2_window_01_frame_28019,184:4123,10,22,-2,953.6615028482897,210.78595387212997,True,False,-12.316314697265625,-12.316318737342954,-11.8046875
am2_window_01_frame_28019,184:4123,10,22,0,953.4956734729766,212.77906717003435,True,False,-4.0751800537109375,-4.075177204795182,-3.921875
am2_window_01_frame_28019,184:4123,10,22,2,953.3298440976635,214.77218046793874,True,False,-56.129852294921875,-56.129850432276726,-55.1787109375
am2_window_01_frame_28019,184:4123,10,22,4,953.1640147223504,216.7652937658431,True,False,-59.10600280761719,-59.10600452311337,-58.0546875
am2_window_01_frame_28019,184:4123,10,23,-4,959.3316587506262,209.25080702824272,True,True,28.325653076171875,28.325653191655874,28.41796875
am2_window_01_frame_28019,184:4123,10,23,-2,959.1658293753131,211.24392032614708,True,False,-115.33523559570312,-115.33524030447006,-115.23046875
am2_window_01_frame_28019,184:4123,10,23,0,959.0,213.23703362405146,True,False,-74.5777587890625,-74.57776512950659,-74.1875
am2_window_01_frame_28019,184:4123,10,23,2,958.8341706246869,215.23014692195585,True,False,-28.325653076171875,-28.325653191655874,-28.41796875
am2_window_01_frame_28019,184:4123,10,23,4,958.6683412493738,217.2232602198602,True,False,-2.991973876953125,-2.9919713847339153,-3.3515625
am2_window_01_frame_28019,184:4123,11,0,-4,846.3866031148672,200.23338013854882,True,False,-121.67922973632812,-121.67922437749803,-122.88671875
am2_window_01_frame_28019,184:4123,11,0,-2,846.2194756683878,202.2263850097504,True,False,-43.58982849121094,-43.5898259896785,-43.5205078125
am2_window_01_frame_28019,184:4123,11,0,0,846.0523482219083,204.219389880952,True,False,-7.5425872802734375,-7.5425872802734375,-7.59375
am2_window_01_frame_28019,184:4123,11,0,2,845.8852207754289,206.2123947521536,True,False,0.039794921875,0.039787888526916504,0.109375
am2_window_01_frame_28019,184:4123,11,0,4,845.7180933289495,208.2053996233552,True,False,-2.81524658203125,-2.8152492232620716,-2.84765625
am2_window_01_frame_28019,184:4123,11,1,-4,851.29737067495,200.6451824649905,True,False,-83.54658508300781,-83.54658328089863,-82.58203125
am2_window_01_frame_28019,184:4123,11,1,-2,851.1302432284706,202.6381873361921,True,False,-47.628082275390625,-47.62808829545975,-47.390625
am2_window_01_frame_28019,184:4123,11,1,0,850.9631157819912,204.6311922073937,True,False,-37.01373291015625,-37.01373291015625,-37.40625
am2_window_01_frame_28019,184:4123,11,1,2,850.7959883355118,206.6241970785953,True,False,-4.1523895263671875,-4.152392684482038,-4.171875
am2_window_01_frame_28019,184:4123,11,1,4,850.6288608890324,208.61720194979688,True,False,-0.9245452880859375,-0.9245434328913689,-1.015625
am2_window_01_frame_28019,184:4123,11,2,-4,856.2081382350328,201.05698479143223,True,False,-116.02908325195312,-116.02908154949546,-115.71484375
am2_window_01_frame_28019,184:4123,11,2,-2,856.0410107885534,203.0499896626338,True,False,-52.70091247558594,-52.70091108325869,-52.8583984375
am2_window_01_frame_28019,184:4123,11,2,0,855.873883342074,205.0429945338354,True,False,-31.558456420898438,-31.558461846783757,-31.671875
am2_window_01_frame_28019,184:4123,11,2,2,855.7067558955946,207.03599940503702,True,False,-12.3082275390625,-12.30823390185833,-12.34375
am2_window_01_frame_28019,184:4123,11,2,4,855.5396284491152,209.0290042762386,True,False,-11.391494750976562,-11.391491192393005,-11.5419921875
am2_window_01_frame_28019,184:4123,11,3,-4,861.118905374353,201.46878708259,True,False,-128.6324920654297,-128.6324939187616,-128.17578125
am2_window_01_frame_28019,184:4123,11,3,-2,860.9517779278735,203.4617919537916,True,False,-48.66676330566406,-48.66675358917564,-49.115234375
am2_window_01_frame_28019,184:4123,11,3,0,860.7846504813941,205.4547968249932,True,False,-78.43391418457031,-78.43392701074481,-78.0634765625
am2_window_01_frame_28019,184:4123,11,3,2,860.6175230349147,207.4478016961948,True,False,-16.151473999023438,-16.151470122858882,-16.4453125
am2_window_01_frame_28019,184:4123,11,3,4,860.4503955884353,209.44080656739638,True,False,-9.63702392578125,-9.637036961503327,-10.05078125
am2_window_01_frame_28019,184:4123,11,4,-4,866.0296733551986,201.8805894443156,True,False,-88.98696899414062,-88.98697821050882,-89.265625
am2_window_01_frame_28019,184:4123,11,4,-2,865.8625459087192,203.87359431551718,True,True,13.3839111328125,13.383917601779103,13.4296875
am2_window_01_frame_28019,184:4123,11,4,0,865.6954184622398,205.8665991867188,True,False,-126.44035339355469,-126.44034698233008,-126.560546875
am2_window_01_frame_28019,184:4123,11,4,2,865.5282910157604,207.8596040579204,True,False,-23.010025024414062,-23.010017722845078,-22.73046875
am2_window_01_frame_28019,184:4123,11,4,4,865.361163569281,209.85260892912197,True,False,-13.3839111328125,-13.383917601779103,-13.4296875
am2_window_01_frame_28019,184:4123,11,5,-4,870.9404396529931,202.29239166490555,True,False,-91.42325592041016,-91.42326069250703,-91.642578125
am2_window_01_frame_28019,184:4123,11,5,-2,870.7733122065137,204.28539653610713,True,False,-1.6260986328125,-1.6261028349399567,-1.0654296875
am2_window_01_frame_28019,184:4123,11,5,0,870.6061847600342,206.27840140730873,True,False,-110.70233917236328,-110.70234297960997,-111.0791015625
am2_window_01_frame_28019,184:4123,11,5,2,870.4390573135548,208.27140627851034,True,False,-23.175491333007812,-23.175492364913225,-23.15234375
am2_window_01_frame_28019,184:4123,11,5,4,870.2719298670754,210.26441114971192,True,False,1.6260986328125,1.6261028349399567,1.0654296875
am2_window_01_frame_28019,184:4123,11,6,-4,875.8512076338387,202.70419402663117,True,False,-13.916206359863281,-13.916206058114767,-13.9814453125
am2_window_01_frame_28019,184:4123,11,6,-2,875.6840801873593,204.69719889783275,True,True,54.433860778808594,54.433850024826825,54.287109375
am2_window_01_frame_28019,184:4123,11,6,0,875.5169527408799,206.69020376903435,True,False,3.626220703125,3.626220401376486,3.62109375
am2_window_01_frame_28019,184:4123,11,6,2,875.3498252944005,208.68320864023596,True,False,-0.9379348754882812,-0.9379366710782051,-0.93359375
am2_window_01_frame_28019,184:4123,11,6,4,875.1826978479211,210.67621351143754,True,False,-68.0841064453125,-68.08409932255745,-67.87109375
am2_window_01_frame_28019,184:4123,11,7,-4,880.7619739316332,203.11599624722112,True,True,97.32014465332031,97.32014094758779,97.21875
am2_window_01_frame_28019,184:4123,11,7,-2,880.5948464851538,205.1090011184227,True,True,27.74951171875,27.749515442177653,28.587890625
am2_window_01_frame_28019,184:4123,11,7,0,880.4277190386744,207.1020059896243,True,False,-110.92682647705078,-110.92682468891144,-110.7109375
am2_window_01_frame_28019,184:4123,11,7,2,880.2605915921949,209.0950108608259,True,False,-144.6846160888672,-144.6846194770187,-144.6640625
am2_window_01_frame_28019,184:4123,11,7,4,880.0934641457155,211.0880157320275,True,False,-143.1891632080078,-143.189163479954,-143.4462890625
am2_window_01_frame_28019,184:4123,11,8,-4,885.6727435955299,203.52779875008238,True,True,90.02892303466797,90.02891964558512,89.96875
am2_window_01_frame_28019,184:4123,11,8,-2,885.5056161490505,205.52080362128396,True,True,42.18183898925781,42.18183964770287,42.296875
am2_window_01_frame_28019,184:4123,11,8,0,885.3384887025711,207.51380849248557,True,False,-76.73920440673828,-76.73920104652643,-76.5126953125
am2_window_01_frame_28019,184:4123,11,8,2,885.1713612560917,209.50681336368717,True,False,-142.0384063720703,-142.03840322047472,-141.86328125
am2_window_01_frame_28019,184:4123,11,8,4,885.0042338096123,211.49981823488875,True,False,-146.0013427734375,-146.00134748965502,-145.828125
am2_window_01_frame_28019,184:4123,11,9,-4,890.5835098933245,203.93960097067236,True,True,119.5260009765625,119.52600714564323,119.45703125
am2_window_01_frame_28019,184:4123,11,9,-2,890.4163824468451,205.93260584187394,True,True,94.067626953125,94.06762169115245,93.943359375
am2_window_01_frame_28019,184:4123,11,9,0,890.2492550003657,207.92561071307554,True,False,-59.28356170654297,-59.28356142900884,-59.7109375
am2_window_01_frame_28019,184:4123,11,9,2,890.0821275538863,209.91861558427715,True,False,-181.29490661621094,-181.29490650445223,-180.720703125
am2_window_01_frame_28019,184:4123,11,9,4,889.9150001074069,211.91162045547873,True,False,-106.27565002441406,-106.2756416387856,-106.7587890625
am2_window_01_frame_28019,184:4123,11,10,-4,895.494276191119,204.3514031912623,True,True,23.50011444091797,23.50011644884944,22.234375
am2_window_01_frame_28019,184:4123,11,10,-2,895.3271487446395,206.34440806246388,True,False,-3.22772216796875,-3.227730918675661,-2.921875
am2_window_01_frame_28019,184:4123,11,10,0,895.1600212981601,208.3374129336655,True,False,-43.043251037597656,-43.043252784758806,-43.484375
am2_window_01_frame_28019,184:4123,11,10,2,894.9928938516807,210.3304178048671,True,False,-74.75227355957031,-74.75227849557996,-74.6875
am2_window_01_frame_28019,184:4123,11,10,4,894.8257664052013,212.32342267606867,True,False,3.22772216796875,3.227730918675661,2.921875
am2_window_01_frame_28019,184:4123,11,11,-4,900.4050458550157,204.76320569412357,True,False,-12.7476806640625,-12.747688573785126,-13.2802734375
am2_window_01_frame_28019,184:4123,11,11,-2,900.2379184085363,206.75621056532515,True,False,7.567138671875,7.5671433713287115,7.6796875
am2_window_01_frame_28019,184:4123,11,11,0,900.0707909620569,208.74921543652675,True,False,-81.70696258544922,-81.70696319639683,-81.46875
am2_window_01_frame_28019,184:4123,11,11,2,899.9036635155775,210.74222030772836,True,False,-128.679443359375,-128.67944476008415,-128.74609375
am2_window_01_frame_28019,184:4123,11,11,4,899.7365360690981,212.73522517892994,True,False,-101.43600463867188,-101.43600016087294,-101.34375
am2_window_01_frame_28019,184:4123,11,12,-4,905.3158121528103,205.17500791471352,True,True,28.9854736328125,28.985473550856113,28.6796875
am2_window_01_frame_28019,184:4123,11,12,-2,905.1486847063309,207.1680127859151,True,True,26.296226501464844,26.296227261424065,26.6376953125
am2_window_01_frame_28019,184:4123,11,12,0,904.9815572598515,209.1610176571167,True,False,-95.37898254394531,-95.37898954749107,-95.1796875
am2_window_01_frame_28019,184:4123,11,12,2,904.814429813372,211.1540225283183,True,False,-144.624755859375,-144.6247516311705,-144.392578125
am2_window_01_frame_28019,184:4123,11,12,4,904.6473023668926,213.14702739951989,True,False,-45.666481018066406,-45.66648552194238,-45.7255859375
am2_window_01_frame_28019,184:4123,11,13,-4,910.2265784506047,205.58681013530347,True,True,86.28228759765625,86.28228847682476,86.4775390625
am2_window_01_frame_28019,184:4123,11,13,-2,910.0594510041253,207.57981500650504,True,True,26.036224365234375,26.03621376492083,26.08203125
am2_window_01_frame_28019,184:4123,11,13,0,909.8923235576459,209.57281987770665,True,True,10.906204223632812,10.906191056594253,11.783203125
am2_window_01_frame_28019,184:4123,11,13,2,909.7251961111665,211.56582474890826,True,False,-136.29257202148438,-136.29258171096444,-136.61328125
am2_window_01_frame_28019,184:4123,11,13,4,909.5580686646871,213.55882962010983,True,False,-70.93247985839844,-70.93246627412736,-70.556640625
am2_window_01_frame_28019,184:4123,11,14,-4,915.1373447483992,205.99861235589344,True,True,54.586883544921875,54.58688744530082,55.2734375
am2_window_01_frame_28019,184:4123,11,14,-2,914.9702173019198,207.99161722709502,True,True,33.72886657714844,33.72885701619089,33.84375
am2_window_01_frame_28019,184:4123,11,14,0,914.8030898554404,209.98462209829663,True,True,13.110977172851562,13.11097303032875,12.9375
am2_window_01_frame_28019,184:4123,11,14,2,914.635962408961,211.97762696949823,True,False,-57.134971618652344,-57.134973127394915,-56.9296875
am2_window_01_frame_28019,184:4123,11,14,4,914.4688349624815,213.9706318406998,True,False,-52.29405212402344,-52.29404932260513,-52.4375
am2_window_01_frame_28019,184:4123,11,15,-4,920.0481177783984,206.410415141026,True,False,3.9842987060546875,3.9842993281781673,3.642578125
am2_window_01_frame_28019,184:4123,11,15,-2,919.880990331919,208.40342001222757,True,True,46.62505340576172,46.62505197804421,46.59375
am2_window_01_frame_28019,184:4123,11,15,0,919.7138628854395,210.39642488342918,True,True,33.80400848388672,33.80401348415762,33.8271484375
am2_window_01_frame_28019,184:4123,11,15,2,919.5467354389601,212.38942975463078,True,False,-3.9842987060546875,-3.9842993281781673,-3.642578125
am2_window_01_frame_28019,184:4123,11,15,4,919.3796079924807,214.38243462583236,True,False,-46.62505340576172,-46.62505197804421,-46.59375
am2_window_01_frame_28019,184:4123,11,16,-4,924.9588840761928,206.82221736161597,True,True,56.70026397705078,56.70026264898479,56.408203125
am2_window_01_frame_28019,184:4123,11,16,-2,924.7917566297134,208.81522223281755,True,True,63.0462646484375,63.04626685939729,63.0908203125
am2_window_01_frame_28019,184:4123,11,16,0,924.624629183234,210.80822710401915,True,True,20.034271240234375,20.0342802060768,19.75390625
am2_window_01_frame_28019,184:4123,11,16,2,924.4575017367546,212.80123197522076,True,False,-56.70026397705078,-56.70026264898479,-56.408203125
am2_window_01_frame_28019,184:4123,11,16,4,924.2903742902752,214.79423684642234,True,False,-67.44892120361328,-67.44892353750765,-67.36328125
am2_window_01_frame_28019,184:4123,11,17,-4,929.8696503739873,207.23401958220592,True,True,20.577438354492188,20.577439496293664,20.27734375
am2_window_01_frame_28019,184:4123,11,17,-2,929.7025229275079,209.2270244534075,True,True,30.747161865234375,30.747154966928065,31.220703125
am2_window_01_frame_28019,184:4123,11,17,0,929.5353954810284,211.2200293246091,True,True,29.286231994628906,29.286229358054698,29.234375
am2_window_01_frame_28019,184:4123,11,17,2,929.368268034549,213.2130341958107,True,False,-20.577438354492188,-20.577439496293664,-20.27734375
am2_window_01_frame_28019,184:4123,11,17,4,929.2011405880696,215.20603906701228,True,False,-30.747161865234375,-30.747154966928065,-31.220703125
am2_window_01_frame_28019,184:4123,11,18,-4,934.7804166717817,207.64582180279587,True,True,68.13246154785156,68.13245741277933,68.322265625
am2_window_01_frame_28019,184:4123,11,18,-2,934.6132892253023,209.63882667399744,True,True,38.22035217285156,38.220348769798875,38.390625
am2_window_01_frame_28019,184:4123,11,18,0,934.4461617788229,211.63183154519905,True,True,16.156166076660156,16.156164680607617,16.095703125
am2_window_01_frame_28019,184:4123,11,18,2,934.2790343323435,213.62483641640065,True,False,-68.13246154785156,-68.13245741277933,-68.322265625
am2_window_01_frame_28019,184:4123,11,18,4,934.1119068858641,215.61784128760223,True,False,-38.22035217285156,-38.220348769798875,-38.390625
am2_window_01_frame_28019,184:4123,11,19,-4,939.6911829695763,208.05762402338584,True,True,41.975860595703125,41.975864516571164,41.220703125
am2_window_01_frame_28019,184:4123,11,19,-2,939.5240555230969,210.05062889458742,True,True,40.64305114746094,40.64305090717971,40.443359375
am2_window_01_frame_28019,184:4123,11,19,0,939.3569280766175,212.04363376578902,True,True,84.84971618652344,84.8497200421989,82.0595703125
am2_window_01_frame_28019,184:4123,11,19,2,939.189800630138,214.03663863699063,True,False,-41.975860595703125,-41.975864516571164,-41.220703125
am2_window_01_frame_28019,184:4123,11,19,4,939.0226731836586,216.0296435081922,True,False,-40.64305114746094,-40.64305090717971,-40.443359375
am2_window_01_frame_28019,184:4123,11,20,-4,944.6019492673707,208.4694262439758,True,True,97.03346252441406,97.03345600515604,96.6337890625
am2_window_01_frame_28019,184:4123,11,20,-2,944.4348218208913,210.46243111517737,True,False,3.2616653442382812,3.2616629265248775,3.9609375
am2_window_01_frame_28019,184:4123,11,20,0,944.2676943744119,212.45543598637897,True,False,5.4104766845703125,5.410482053644955,5.1474609375
am2_window_01_frame_28019,184:4123,11,20,2,944.1005669279325,214.44844085758058,True,False,-97.03346252441406,-97.03345600515604,-96.6337890625
am2_window_01_frame_28019,184:4123,11,20,4,943.9334394814531,216.44144572878216,True,False,-59.21916198730469,-59.21916347742081,-59.015625
am2_window_01_frame_28019,184:4123,11,21,-4,949.5127222973699,208.88122902910834,True,True,60.03550720214844,60.035512052476406,59.5625
am2_window_01_frame_28019,184:4123,11,21,-2,949.3455948508905,210.87423390030992,True,False,-22.369728088378906,-22.369730096310377,-22.45703125
am2_window_01_frame_28019,184:4123,11,21,0,949.1784674044111,212.86723877151152,True,False,-99.76263427734375,-99.76264215260744,-99.677734375
am2_window_01_frame_28019,184:4123,11,21,2,949.0113399579317,214.86024364271313,True,False,-68.65840911865234,-68.65841548889875,-68.125
am2_window_01_frame_28019,184:4123,11,21,4,948.8442125114523,216.8532485139147,True,False,-70.07958984375,-70.07958848774433,-69.421875
am2_window_01_frame_28019,184:4123,11,22,-4,954.4234885951644,209.29303124969832,True,True,47.29689025878906,47.296900011599064,47.658203125
am2_window_01_frame_28019,184:4123,11,22,-2,954.256361148685,211.2860361208999,True,False,-30.70171356201172,-30.701714292168617,-30.8515625
am2_window_01_frame_28019,184:4123,11,22,0,954.0892337022055,213.2790409921015,True,False,-27.257431030273438,-27.257436607964337,-28.1123046875
am2_window_01_frame_28019,184:4123,11,22,2,953.9221062557261,215.2720458633031,True,False,-47.29689025878906,-47.296900011599064,-47.658203125
am2_window_01_frame_28019,184:4123,11,22,4,953.7549788092467,217.26505073450468,True,False,-89.00511932373047,-89.00511830486357,-88.1875
am2_window_01_frame_28019,184:4123,11,23,-4,959.3342548929588,209.70483347028826,True,True,19.092056274414062,19.092059917747974,18.8671875
am2_window_01_frame_28019,184:4123,11,23,-2,959.1671274464794,211.69783834148984,True,False,-107.91966247558594,-107.91966500878334,-108.0859375
am2_window_01_frame_28019,184:4123,11,23,0,959.0,213.69084321269145,True,False,-61.707275390625,-61.70727793127298,-61.9375
am2_window_01_frame_28019,184:4123,11,23,2,958.8328725535206,215.68384808389305,True,False,-19.092056274414062,-19.092059917747974,-18.8671875
am2_window_01_frame_28019,184:4123,11,23,4,958.6657451070412,217.67685295509463,True,False,0.0344390869140625,0.034447891637682915,-0.216796875
am2_window_00_frame_150,30:33,6,0,-4,529.8121391904627,207.94436516814295,True,False,-35.28321838378906,-35.28321838378906,-35.375
am2_window_00_frame_150,30:33,6,0,-2,529.713689569768,209.94194061657666,True,False,1.250335693359375,1.25034702103585,1.26171875
am2_window_00_frame_150,30:33,6,0,0,529.6152399490733,211.93951606501034,True,False,4.264801025390625,4.26479697227478,4.296875
am2_window_00_frame_150,30:33,6,0,2,529.5167903283785,213.93709151344402,True,False,-4.1755523681640625,-4.1755523681640625,-4.1875
am2_window_00_frame_150,30:33,6,0,4,529.4183407076838,215.93466696187772,True,False,-3.8970794677734375,-3.897084202617407,-3.900390625
am2_window_00_frame_150,30:33,6,1,-4,539.1725681056257,208.40568975889144,True,False,-5.85205078125,-5.8520432924851775,-5.892578125
am2_window_00_frame_150,30:33,6,1,-2,539.074118484931,210.40326520732515,True,False,3.4473419189453125,3.447339855134487,3.466796875
am2_window_00_frame_150,30:33,6,1,0,538.9756688642362,212.40084065575883,True,True,10.976318359375,10.976311350241303,10.943359375
am2_window_00_frame_150,30:33,6,1,2,538.8772192435415,214.3984161041925,True,False,2.1182403564453125,2.1182403564453125,2.09375
am2_window_00_frame_150,30:33,6,1,4,538.7787696228468,216.3959915526262,True,False,-3.4819488525390625,-3.481942370533943,-3.466796875
am2_window_00_frame_150,30:33,6,2,-4,548.5329970207887,208.86701434963993,True,False,-15.900047302246094,-15.900038569234312,-15.69140625
am2_window_00_frame_150,30:33,6,2,-2,548.434547400094,210.86458979807364,True,False,0.1578521728515625,0.15785792469978333,0.0234375
am2_window_00_frame_150,30:33,6,2,0,548.3360977793992,212.86216524650732,True,False,6.133636474609375,6.133637783117592,6.1396484375
am2_window_00_frame_150,30:33,6,2,2,548.2376481587045,214.859740694941,True,True,15.900047302246094,15.900038569234312,15.69140625
am2_window_00_frame_150,30:33,6,2,4,548.1391985380097,216.8573161433747,True,False,-0.1578521728515625,-0.15785792469978333,-0.0234375
am2_window_00_frame_150,30:33,6,3,-4,557.8934251339344,209.32833890086135,True,False,-2.9600982666015625,-2.96009442768991,-3.13671875
am2_window_00_frame_150,30:33,6,3,-2,557.7949755132397,211.32591434929506,True,False,-40.564178466796875,-40.564189011231065,-40.4384765625
am2_window_00_frame_150,30:33,6,3,0,557.696525892545,213.32348979772874,True,False,-33.58489227294922,-33.58489408809692,-33.91796875
am2_window_00_frame_150,30:33,6,3,2,557.5980762718502,215.32106524616242,True,False,2.9600982666015625,2.96009442768991,3.13671875
am2_window_00_frame_150,30:33,6,3,4,557.4996266511555,217.31864069459613,True,True,28.724212646484375,28.724218087270856,28.52734375
am2_window_00_frame_150,30:33,6,4,-4,567.2538548511146,209.7896635311369,True,False,-2.2349700927734375,-2.2349775303155184,-2.328125
am2_window_00_frame_150,30:33,6,4,-2,567.1554052304199,211.78723897957062,True,False,-4.2611236572265625,-4.261133212596178,-4.2060546875
am2_window_00_frame_150,30:33,6,4,0,567.0569556097252,213.7848144280043,True,False,9.587005615234375,9.587013499811292,9.625
am2_window_00_frame_150,30:33,6,4,2,566.9585059890304,215.78238987643797,True,False,2.2349700927734375,2.2349775303155184,2.328125
am2_window_00_frame_150,30:33,6,4,4,566.8600563683357,217.77996532487168,True,False,4.2611236572265625,4.261133212596178,4.2060546875
am2_window_00_frame_150,30:33,6,5,-4,576.6142813602258,210.2509880033042,True,False,-44.580421447753906,-44.580418372526765,-45.171875
am2_window_00_frame_150,30:33,6,5,-2,576.5158317395311,212.2485634517379,True,False,-11.529922485351562,-11.529927471652627,-11.546875
am2_window_00_frame_150,30:33,6,5,0,576.4173821188364,214.2461389001716,True,True,20.356597900390625,20.356597900390625,20.375
am2_window_00_frame_150,30:33,6,5,2,576.3189324981416,216.24371434860527,True,True,19.227447509765625,19.227448357269168,19.2578125
am2_window_00_frame_150,30:33,6,5,4,576.2204828774469,218.24128979703897,True,False,6.2832489013671875,6.283247102051973,6.2578125
am2_window_00_frame_150,30:33,6,6,-4,585.9747110774061,210.71231263357976,True,False,9.699920654296875,9.699911613948643,9.84375
am2_window_00_frame_150,30:33,6,6,-2,585.8762614567114,212.70988808201346,True,True,16.611801147460938,16.61180673353374,16.447265625
am2_window_00_frame_150,30:33,6,6,0,585.7778118360167,214.70746353044714,True,True,13.734786987304688,13.734783977270126,13.7138671875
am2_window_00_frame_150,30:33,6,6,2,585.6793622153219,216.70503897888082,True,False,-9.699920654296875,-9.699911613948643,-9.84375
am2_window_00_frame_150,30:33,6,6,4,585.5809125946272,218.70261442731453,True,False,-16.611801147460938,-16.61180673353374,-16.447265625
am2_window_00_frame_150,30:33,6,7,-4,595.3351375865174,211.17363710574705,True,False,9.067276000976562,9.06726926099509,8.927734375
am2_window_00_frame_150,30:33,6,7,-2,595.2366879658226,213.17121255418076,True,False,-51.44891357421875,-51.44890058785677,-51.64453125
am2_window_00_frame_150,30:33,6,7,0,595.1382383451279,215.16878800261443,True,False,-35.29437255859375,-35.29437210224569,-35.0078125
am2_window_00_frame_150,30:33,6,7,2,595.0397887244332,217.1663634510481,True,False,-43.50148010253906,-43.50147546734661,-43.4482421875
am2_window_00_frame_150,30:33,6,7,4,594.9413391037384,219.16393889948182,True,False,1.7769622802734375,1.7769555822014809,1.716796875
am2_window_00_frame_150,30:33,6,8,-4,604.6955705117665,211.63496189413087,True,False,-114.23983764648438,-114.23983571119606,-115.34375
am2_window_00_frame_150,30:33,6,8,-2,604.5971208910718,213.63253734256458,True,False,-55.85798645019531,-55.857986791059375,-56.05078125
am2_window_00_frame_150,30:33,6,8,0,604.498671270377,215.63011279099825,True,False,-16.924774169921875,-16.924776466563344,-17.0
am2_window_00_frame_150,30:33,6,8,2,604.4002216496823,217.62768823943193,True,False,4.776763916015625,4.7767658196389675,4.8203125
am2_window_00_frame_150,30:33,6,8,4,604.3017720289876,219.62526368786564,True,True,14.138198852539062,14.13819786068052,14.203125
am2_window_00_frame_150,30:33,6,9,-4,614.0559970208777,212.09628636629816,True,False,-76.3125991821289,-76.31260505132377,-76.197265625
am2_window_00_frame_150,30:33,6,9,-2,613.957547400183,214.09386181473187,True,False,-44.28654479980469,-44.286547590978444,-44.3447265625
am2_window_00_frame_150,30:33,6,9,0,613.8590977794883,216.09143726316555,True,False,-10.9305419921875,-10.93054386228323,-10.9150390625
am2_window_00_frame_150,30:33,6,9,2,613.7606481587935,218.08901271159922,True,True,10.018753051757812,10.018758956342936,9.8984375
am2_window_00_frame_150,30:33,6,9,4,613.6621985380988,220.08658816003293,True,False,5.80731201171875,5.807310790754855,5.8798828125
am2_window_00_frame_150,30:33,6,10,-4,623.4164235299891,212.55761083846545,True,False,-48.99254608154297,-48.99254146963358,-49.41015625
am2_window_00_frame_150,30:33,6,10,-2,623.3179739092943,214.55518628689916,True,False,-28.973724365234375,-28.973728692159057,-29.037109375
am2_window_00_frame_150,30:33,6,10,0,623.2195242885996,216.55276173533284,True,False,-11.755142211914062,-11.755139181390405,-11.775390625
am2_window_00_frame_150,30:33,6,10,2,623.1210746679048,218.55033718376652,True,False,-14.453399658203125,-14.453399520367384,-14.40234375
am2_window_00_frame_150,30:33,6,10,4,623.0226250472101,220.54791263220022,True,False,-10.89453125,-10.894532948732376,-10.8818359375
am2_window_00_frame_150,30:33,6,11,-4,632.7768564552382,213.01893562684927,True,False,-79.0308837890625,-79.03088418766856,-78.548828125
am2_window_00_frame_150,30:33,6,11,-2,632.6784068345435,215.01651107528298,True,False,-41.53938293457031,-41.539384538307786,-41.376953125
am2_window_00_frame_150,30:33,6,11,0,632.5799572138487,217.01408652371666,True,False,-28.889389038085938,-28.889389038085938,-28.90625
am2_window_00_frame_150,30:33,6,11,2,632.481507593154,219.01166197215034,True,False,-8.066375732421875,-8.06637180224061,-8.09375
am2_window_00_frame_150,30:33,6,11,4,632.3830579724593,221.00923742058404,True,False,7.03179931640625,7.031804111786187,7.0
am2_window_00_frame_150,30:33,6,12,-4,642.1372829643494,213.48026009901656,True,False,-68.23660278320312,-68.2366068828851,-68.439453125
am2_window_00_frame_150,30:33,6,12,-2,642.0388333436547,215.47783554745027,True,False,-33.10704040527344,-33.10703721269965,-33.0751953125
am2_window_00_frame_150,30:33,6,12,0,641.94038372296,217.47541099588395,True,False,-13.329681396484375,-13.329681396484375,-13.34375
am2_window_00_frame_150,30:33,6,12,2,641.8419341022652,219.47298644431763,True,False,7.3309326171875,7.3309386149048805,7.302734375
am2_window_00_frame_150,30:33,6,12,4,641.7434844815705,221.47056189275133,True,False,7.686920166015625,7.686914764344692,7.69140625
am2_window_00_frame_150,30:33,6,13,-4,651.4977094734608,213.94158457118385,True,False,-46.70233917236328,-46.70233680866659,-46.5234375
am2_window_00_frame_150,30:33,6,13,-2,651.399259852766,215.93916001961756,True,False,-21.229957580566406,-21.229954999871552,-21.216796875
am2_window_00_frame_150,30:33,6,13,0,651.3008102320713,217.93673546805124,True,False,-1.7110137939453125,-1.7110132686793804,-1.6640625
am2_window_00_frame_150,30:33,6,13,2,651.2023606113765,219.93431091648492,True,False,9.700149536132812,9.700150674208999,9.7109375
am2_window_00_frame_150,30:33,6,13,4,651.1039109906818,221.93188636491863,True,False,2.437591552734375,2.4375845789909363,2.39453125
am2_window_00_frame_150,30:33,6,14,-4,660.858135982572,214.40290904335117,True,False,0.6548614501953125,0.6548618040978909,0.6474609375
am2_window_00_frame_150,30:33,6,14,-2,660.7596863618772,216.40048449178488,True,False,-26.497467041015625,-26.497464153915644,-26.802734375
am2_window_00_frame_150,30:33,6,14,0,660.6612367411825,218.39805994021856,True,False,-4.3132476806640625,-4.313258069567382,-4.2958984375
am2_window_00_frame_150,30:33,6,14,2,660.5627871204878,220.39563538865224,True,False,-0.6548614501953125,-0.6548618040978909,-0.6474609375
am2_window_00_frame_150,30:33,6,14,4,660.464337499793,222.39321083708595,True,False,5.9752349853515625,5.975235350430012,5.9345703125
am2_window_00_frame_150,30:33,6,15,-4,670.2185753239589,214.86423414795146,True,False,9.952957153320312,9.95295175537467,9.5
am2_window_00_frame_150,30:33,6,15,-2,670.1201257032642,216.86180959638517,True,False,-27.275466918945312,-27.27547264099121,-27.96875
am2_window_00_frame_150,30:33,6,15,0,670.0216760825695,218.85938504481885,True,False,-11.202117919921875,-11.202114197425544,-11.19921875
am2_window_00_frame_150,30:33,6,15,2,669.9232264618747,220.85696049325253,True,False,-21.403884887695312,-21.403889644891024,-21.458984375
am2_window_00_frame_150,30:33,6,15,4,669.82477684118,222.85453594168624,True,False,3.7075042724609375,3.7075042724609375,3.75
am2_window_00_frame_150,30:33,6,16,-4,679.5790018330703,215.32555862011878,True,True,10.712005615234375,10.712002870626748,10.595703125
am2_window_00_frame_150,30:33,6,16,-2,679.4805522123755,217.3231340685525,True,False,-22.752838134765625,-22.752834528684616,-22.630859375
am2_window_00_frame_150,30:33,6,16,0,679.3821025916808,219.32070951698617,True,False,-14.286026000976562,-14.286032728850842,-14.3828125
am2_window_00_frame_150,30:33,6,16,2,679.283652970986,221.31828496541985,True,False,-10.712005615234375,-10.712002870626748,-10.595703125
am2_window_00_frame_150,30:33,6,16,4,679.1852033502913,223.31586041385356,True,False,-1.7122344970703125,-1.7122308388352394,-1.81640625
am2_window_00_frame_150,30:33,6,17,-4,688.9394283421816,215.78688309228608,True,True,16.433517456054688,16.433517456054688,16.4375
am2_window_00_frame_150,30:33,6,17,-2,688.8409787214869,217.78445854071978,True,False,-24.835494995117188,-24.835494274273515,-24.810546875
am2_window_00_frame_150,30:33,6,17,0,688.7425291007921,219.78203398915346,True,False,-18.60943603515625,-18.609441563487053,-18.6318359375
am2_window_00_frame_150,30:33,6,17,2,688.6440794800974,221.77960943758714,True,False,-16.433517456054688,-16.433517456054688,-16.4375
am2_window_00_frame_150,30:33,6,17,4,688.5456298594027,223.77718488602085,True,False,-6.329833984375,-6.329833548516035,-6.380859375
am2_window_00_frame_150,30:33,6,18,-4,698.2998548512928,216.24820756445337,True,True,16.595672607421875,16.595678873360157,16.6484375
am2_window_00_frame_150,30:33,6,18,-2,698.2014052305981,218.24578301288707,True,False,-8.904190063476562,-8.904182776808739,-8.9375
am2_window_00_frame_150,30:33,6,18,0,698.1029556099033,220.24335846132075,True,False,-9.989715576171875,-9.989721974357963,-10.046875
am2_window_00_frame_150,30:33,6,18,2,698.0045059892086,222.24093390975443,True,False,-17.992721557617188,-17.992721557617188,-18.0
am2_window_00_frame_150,30:33,6,18,4,697.9060563685139,224.23850935818814,True,False,-13.34149169921875,-13.341494500637054,-13.3125
am2_window_00_frame_150,30:33,6,19,-4,707.660281360404,216.70953203662066,True,True,18.282516479492188,18.28251528274268,18.3017578125
am2_window_00_frame_150,30:33,6,19,-2,707.5618317397093,218.70710748505437,True,False,-10.838912963867188,-10.838921327143908,-10.8642578125
am2_window_00_frame_150,30:33,6,19,0,707.4633821190146,220.70468293348804,True,False,-6.75653076171875,-6.756527170538902,-6.8681640625
am2_window_00_frame_150,30:33,6,19,2,707.3649324983198,222.70225838192172,True,False,-18.282516479492188,-18.28251528274268,-18.3017578125
am2_window_00_frame_150,30:33,6,19,4,707.2664828776251,224.69983383035543,True,False,-15.3006591796875,-15.300656113773584,-15.2109375
am2_window_00_frame_150,30:33,6,20,-4,717.0207078695154,217.17085650878798,True,False,9.904525756835938,9.904528323560953,9.8681640625
am2_window_00_frame_150,30:33,6,20,-2,716.9222582488206,219.16843195722169,True,False,-24.867340087890625,-24.867343736812472,-24.591796875
am2_window_00_frame_150,30:33,6,20,0,716.8238086281259,221.16600740565536,True,False,-33.44783020019531,-33.44782642554492,-33.3330078125
am2_window_00_frame_150,30:33,6,20,2,716.7253590074312,223.16358285408904,True,False,-9.904525756835938,-9.904528323560953,-9.8681640625
am2_window_00_frame_150,30:33,6,20,4,716.6269093867364,225.16115830252275,True,True,24.867340087890625,24.867343736812472,24.591796875
am2_window_00_frame_150,30:33,6,21,-4,726.3811472109023,217.6321816133883,True,True,12.999588012695312,12.999589337036014,12.9765625
am2_window_00_frame_150,30:33,6,21,-2,726.2826975902076,219.629757061822,True,False,6.5537109375,6.5537109375,6.5
am2_window_00_frame_150,30:33,6,21,0,726.1842479695129,221.62733251025568,True,False,3.6830596923828125,3.683052630163729,3.7890625
am2_window_00_frame_150,30:33,6,21,2,726.0857983488181,223.62490795868936,True,False,-12.999588012695312,-12.999589337036014,-12.9765625
am2_window_00_frame_150,30:33,6,21,4,725.9873487281234,225.62248340712307,True,False,-19.516769409179688,-19.516763071529567,-19.5
am2_window_00_frame_150,30:33,6,22,-4,735.7415737200135,218.0935060855556,True,False,9.929153442382812,9.929149137809873,9.849609375
am2_window_00_frame_150,30:33,6,22,-2,735.6431240993188,220.0910815339893,True,False,-15.972610473632812,-15.97260859515518,-16.6845703125
am2_window_00_frame_150,30:33,6,22,0,735.5446744786241,222.08865698242298,True,False,-36.961875915527344,-36.96188315190375,-36.0478515625
am2_window_00_frame_150,30:33,6,22,2,735.4462248579293,224.08623243085665,True,False,-55.58940124511719,-55.58939275145531,-55.185546875
am2_window_00_frame_150,30:33,6,22,4,735.3477752372346,226.08380787929036,True,False,-66.92097473144531,-66.92097438126802,-66.677734375
am2_window_00_frame_150,30:33,6,23,-4,745.1020002291249,218.55483055772288,True,False,0.0,0.0,0.0
am2_window_00_frame_150,30:33,6,23,-2,745.0035506084301,220.5524060061566,True,False,-0.8327178955078125,-0.8327185744419694,-0.82421875
am2_window_00_frame_150,30:33,6,23,0,744.9051009877354,222.54998145459027,True,False,0.0,0.0,0.0
am2_window_00_frame_150,30:33,6,23,2,744.8066513670407,224.54755690302395,True,False,-75.70864868164062,-75.70864140987396,-75.5
am2_window_00_frame_150,30:33,6,23,4,744.7082017463459,226.54513235145765,True,False,-79.57876586914062,-79.57877189666033,-79.654296875
am2_window_00_frame_150,30:33,7,0,-4,519.5801814323733,209.30389986666773,True,False,-15.300933837890625,-15.300938392058015,-15.2080078125
am2_window_00_frame_150,30:33,7,0,-2,519.4783251518655,211.30130450722535,True,False,9.731338500976562,9.731329223141074,9.8515625
am2_window_00_frame_150,30:33,7,0,0,519.3764688713578,213.29870914778297,True,False,3.8593597412109375,3.8593584932386875,3.861328125
am2_window_00_frame_150,30:33,7,0,2,519.2746125908501,215.2961137883406,True,False,-8.159393310546875,-8.15939993225038,-8.162109375
am2_window_00_frame_150,30:33,7,0,4,519.1727563103424,217.2935184288982,True,False,-10.978897094726562,-10.978889934718609,-10.982421875
am2_window_00_frame_150,30:33,7,1,-4,529.3160004885947,209.80037128594225,True,False,0.2940673828125,0.2940661162137985,0.28515625
am2_window_00_frame_150,30:33,7,1,-2,529.214144208087,211.79777592649987,True,False,4.2223663330078125,4.222359588369727,4.12109375
am2_window_00_frame_150,30:33,7,1,0,529.1122879275792,213.79518056705749,True,False,-0.2535552978515625,-0.2535552978515625,0.15625
am2_window_00_frame_150,30:33,7,1,2,529.0104316470715,215.7925852076151,True,False,-4.4576873779296875,-4.457678492181003,-4.439453125
am2_window_00_frame_150,30:33,7,1,4,528.9085753665638,217.78998984817272,True,False,-6.6082763671875,-6.608276508748531,-6.6298828125
am2_window_00_frame_150,30:33,7,2,-4,539.0518195448162,210.29684270521676,True,False,3.626251220703125,3.6262448225170374,3.630859375
am2_window_00_frame_150,30:33,7,2,-2,538.9499632643085,212.29424734577438,True,True,11.499298095703125,11.499293774366379,11.55859375
am2_window_00_frame_150,30:33,7,2,0,538.8481069838008,214.291651986332,True,False,2.5356292724609375,2.5356292724609375,2.5625
am2_window_00_frame_150,30:33,7,2,2,538.7462507032931,216.28905662688962,True,False,-3.626251220703125,-3.6262448225170374,-3.630859375
am2_window_00_frame_150,30:33,7,2,4,538.6443944227854,218.28646126744724,True,False,-11.499298095703125,-11.499293774366379,-11.55859375
am2_window_00_frame_150,30:33,7,3,-4,548.7876377668564,210.79331408195276,True,False,0.3304901123046875,0.3304876247420907,0.3896484375
am2_window_00_frame_150,30:33,7,3,-2,548.6857814863487,212.79071872251038,True,False,6.3712005615234375,6.371213102713227,6.361328125
am2_window_00_frame_150,30:33,7,3,0,548.583925205841,214.788123363068,True,True,19.22113800048828,19.221143796108663,19.494140625
am2_window_00_frame_150,30:33,7,3,2,548.4820689253332,216.78552800362561,True,False,-0.3304901123046875,-0.3304876247420907,-0.3896484375
am2_window_00_frame_150,30:33,7,3,4,548.3802126448255,218.78293264418323,True,False,-6.3712005615234375,-6.371213102713227,-6.361328125
am2_window_00_frame_150,30:33,7,4,-4,558.5234576572591,211.2897855437658,True,False,-49.917755126953125,-49.91775416769087,-50.0888671875
am2_window_00_frame_150,30:33,7,4,-2,558.4216013767514,213.2871901843234,True,False,-30.917404174804688,-30.917398061603308,-31.388671875
am2_window_00_frame_150,30:33,7,4,0,558.3197450962437,215.28459482488103,True,False,0.1081085205078125,0.10810358729213476,-0.015625
am2_window_00_frame_150,30:33,7,4,2,558.2178888157359,217.28199946543864,True,True,28.96788787841797,28.96787907369435,28.90234375
am2_window_00_frame_150,30:33,7,4,4,558.1160325352282,219.27940410599626,True,True,11.98870849609375,11.988701921887696,11.443359375
am2_window_00_frame_150,30:33,7,5,-4,568.2592742109367,211.78625683542478,True,False,-6.635833740234375,-6.63583767414093,-6.578125
am2_window_00_frame_150,30:33,7,5,-2,568.157417930429,213.7836614759824,True,False,7.00543212890625,7.00543212890625,7.03125
am2_window_00_frame_150,30:33,7,5,0,568.0555616499213,215.78106611654002,True,False,0.79693603515625,0.7969385832548141,0.81640625
am2_window_00_frame_150,30:33,7,5,2,567.9537053694136,217.77847075709764,True,False,6.635833740234375,6.63583767414093,6.578125
am2_window_00_frame_150,30:33,7,5,4,567.8518490889059,219.77587539765526,True,False,-7.00543212890625,-7.00543212890625,-7.03125
am2_window_00_frame_150,30:33,7,6,-4,577.9950941013394,212.2827282972378,True,False,-14.492034912109375,-14.492042537778616,-14.60546875
am2_window_00_frame_150,30:33,7,6,-2,577.8932378208317,214.28013293779543,True,True,20.423843383789062,20.423844877630472,20.4580078125
am2_window_00_frame_150,30:33,7,6,0,577.791381540324,216.27753757835305,True,True,19.442092895507812,19.44208750128746,19.5
am2_window_00_frame_150,30:33,7,6,2,577.6895252598163,218.27494221891067,True,False,8.23583984375,8.23583984375,8.25
am2_window_00_frame_150,30:33,7,6,4,577.5876689793085,220.27234685946829,True,False,-20.423843383789062,-20.423844877630472,-20.4580078125
am2_window_00_frame_150,30:33,7,7,-4,587.730910655017,212.7791995888968,True,True,14.2083740234375,14.208372524939477,14.21875
am2_window_00_frame_150,30:33,7,7,-2,587.6290543745093,214.77660422945442,True,False,7.3229827880859375,7.3229861706495285,7.3828125
am2_window_00_frame_150,30:33,7,7,0,587.5271980940016,216.77400887001204,True,False,-17.30389404296875,-17.30388435162604,-17.37109375
am2_window_00_frame_150,30:33,7,7,2,587.4253418134939,218.77141351056966,True,False,-14.2083740234375,-14.208372524939477,-14.21875
am2_window_00_frame_150,30:33,7,7,4,587.3234855329862,220.76881815112728,True,False,-15.75323486328125,-15.753234088420868,-15.7734375
am2_window_00_frame_150,30:33,7,8,-4,597.4667338821449,213.27567122086384,True,False,-55.58978271484375,-55.58978985063732,-55.6328125
am2_window_00_frame_150,30:33,7,8,-2,597.3648776016372,215.27307586142146,True,False,-41.88079833984375,-41.88079836871475,-41.9111328125
am2_window_00_frame_150,30:33,7,8,0,597.2630213211295,217.27048050197908,True,False,-27.044876098632812,-27.044879861176014,-27.08984375
am2_window_00_frame_150,30:33,7,8,2,597.1611650406218,219.2678851425367,True,True,10.035720825195312,10.035725075751543,10.0029296875
am2_window_00_frame_150,30:33,7,8,4,597.059308760114,221.26528978309432,True,True,15.429855346679688,15.429852832108736,15.328125
am2_window_00_frame_150,30:33,7,9,-4,607.2025504358226,213.77214251252283,True,False,-60.79114532470703,-60.79114152118564,-60.6953125
am2_window_00_frame_150,30:33,7,9,-2,607.1006941553148,215.76954715308045,True,False,-16.494491577148438,-16.494492079131305,-16.3466796875
am2_window_00_frame_150,30:33,7,9,0,606.9988378748071,217.76695179363807,True,False,-1.8795623779296875,-1.8795623779296875,-1.875
am2_window_00_frame_150,30:33,7,9,2,606.8969815942994,219.7643564341957,True,True,11.42181396484375,11.42181396484375,11.3125
am2_window_00_frame_150,30:33,7,9,4,606.7951253137917,221.7617610747533,True,True,14.589950561523438,14.589944119565189,14.5859375
am2_window_00_frame_150,30:33,7,10,-4,616.9383669895001,214.26861380418185,True,False,-42.37200164794922,-42.37199357897043,-42.197265625
am2_window_00_frame_150,30:33,7,10,-2,616.8365107089924,216.26601844473947,True,False,-4.1012725830078125,-4.101274939253926,-4.0400390625
am2_window_00_frame_150,30:33,7,10,0,616.7346544284846,218.2634230852971,True,False,4.9910430908203125,4.991045922040939,5.125
am2_window_00_frame_150,30:33,7,10,2,616.6327981479769,220.2608277258547,True,False,2.116455078125,2.116450629197061,2.078125
am2_window_00_frame_150,30:33,7,10,4,616.5309418674692,222.25823236641233,True,False,4.1012725830078125,4.101274939253926,4.0400390625
am2_window_00_frame_150,30:33,7,11,-4,626.6741902166281,214.76508543614887,True,False,-26.957061767578125,-26.957065688446164,-26.8125
am2_window_00_frame_150,30:33,7,11,-2,626.5723339361203,216.76249007670648,True,False,-22.326004028320312,-22.32600806374103,-22.359375
am2_window_00_frame_150,30:33,7,11,0,626.4704776556126,218.7598947172641,True,False,-16.807968139648438,-16.807970315217972,-16.8359375
am2_window_00_frame_150,30:33,7,11,2,626.3686213751049,220.75729935782172,True,False,-8.153945922851562,-8.153949307277799,-8.1875
am2_window_00_frame_150,30:33,7,11,4,626.2667650945972,222.75470399837934,True,False,0.7017822265625,0.7017822265625,0.71875
am2_window_00_frame_150,30:33,7,12,-4,636.4100067703056,215.26155672780789,True,False,-41.69010925292969,-41.69010898005217,-41.703125
am2_window_00_frame_150,30:33,7,12,-2,636.3081504897979,217.2589613683655,True,False,-27.883834838867188,-27.883835069835186,-27.90625
am2_window_00_frame_150,30:33,7,12,0,636.2062942092901,219.25636600892312,True,False,-6.905548095703125,-6.905548095703125,-6.9375
am2_window_00_frame_150,30:33,7,12,2,636.1044379287824,221.25377064948074,True,False,6.9357757568359375,6.935767684131861,7.0078125
am2_window_00_frame_150,30:33,7,12,4,636.0025816482747,223.25117529003836,True,True,18.948806762695312,18.948800856247544,18.953125
am2_window_00_frame_150,30:33,7,13,-4,646.1458233239832,215.75802801946688,True,False,-30.735946655273438,-30.735949851572514,-30.59375
am2_window_00_frame_150,30:33,7,13,-2,646.0439670434755,217.7554326600245,True,False,-4.90447998046875,-4.9044756181538105,-4.9375
am2_window_00_frame_150,30:33,7,13,0,645.9421107629678,219.75283730058212,True,False,7.42449951171875,7.42449513822794,7.421875
am2_window_00_frame_150,30:33,7,13,2,645.8402544824601,221.75024194113973,True,False,8.39697265625,8.396970734000206,8.3984375
am2_window_00_frame_150,30:33,7,13,4,645.7383982019524,223.74764658169735,True,False,4.90447998046875,4.9044756181538105,4.9375
am2_window_00_frame_150,30:33,7,14,-4,655.8816398776609,216.2544993111259,True,False,-33.81385803222656,-33.81386052444577,-34.0625
am2_window_00_frame_150,30:33,7,14,-2,655.7797835971531,218.25190395168352,True,False,2.91973876953125,2.919739918783307,2.9296875
am2_window_00_frame_150,30:33,7,14,0,655.6779273166454,220.24930859224114,True,False,-2.3558502197265625,-2.355857922695577,-2.2734375
am2_window_00_frame_150,30:33,7,14,2,655.5760710361377,222.24671323279875,True,False,5.9662017822265625,5.966196106746793,5.9375
am2_window_00_frame_150,30:33,7,14,4,655.47421475563,224.24411787335637,True,False,-6.063995361328125,-6.063993722200394,-6.09375
am2_window_00_frame_150,30:33,7,15,-4,665.617469778239,216.75097128340093,True,False,-36.7266845703125,-36.72669048421085,-36.921875
am2_window_00_frame_150,30:33,7,15,-2,665.5156134977312,218.74837592395855,True,False,-8.060195922851562,-8.060197308659554,-8.03125
am2_window_00_frame_150,30:33,7,15,0,665.4137572172235,220.74578056451617,True,False,-6.9272003173828125,-6.927194703370333,-6.890625
am2_window_00_frame_150,30:33,7,15,2,665.3119009367158,222.7431852050738,True,False,8.172119140625,8.172122864052653,8.171875
am2_window_00_frame_150,30:33,7,15,4,665.2100446562081,224.7405898456314,True,False,2.776763916015625,2.7767577171325684,2.71875
am2_window_00_frame_150,30:33,7,16,-4,675.3532863319166,217.24744257505995,True,False,-23.896804809570312,-23.896810710430145,-23.84375
am2_window_00_frame_150,30:33,7,16,-2,675.2514300514089,219.24484721561757,True,False,-16.515869140625,-16.515870118513703,-16.625
am2_window_00_frame_150,30:33,7,16,0,675.1495737709012,221.2422518561752,True,False,-18.98895263671875,-18.98895975202322,-18.8359375
am2_window_00_frame_150,30:33,7,16,2,675.0477174903934,223.2396564967328,True,False,2.0010833740234375,2.0010876283049583,1.9375
am2_window_00_frame_150,30:33,7,16,4,674.9458612098857,225.23706113729042,True,False,-6.8223876953125,-6.822387306019664,-6.8125
am2_window_00_frame_150,30:33,7,17,-4,685.0891028855942,217.74391386671894,True,False,-25.99652099609375,-25.996519304811954,-26.109375
am2_window_00_frame_150,30:33,7,17,-2,684.9872466050865,219.74131850727656,True,False,-16.143051147460938,-16.143058033660054,-16.140625
am2_window_00_frame_150,30:33,7,17,0,684.8853903245788,221.73872314783418,True,False,-16.757980346679688,-16.757983437739313,-16.765625
am2_window_00_frame_150,30:33,7,17,2,684.7835340440711,223.7361277883918,True,False,-5.245292663574219,-5.245293105021119,-5.15625
am2_window_00_frame_150,30:33,7,17,4,684.6816777635634,225.73353242894942,True,False,-7.504608154296875,-7.504608154296875,-7.5
am2_window_00_frame_150,30:33,7,18,-4,694.8249194392718,218.24038515837796,True,False,-21.946731567382812,-21.94673123769462,-21.984375
am2_window_00_frame_150,30:33,7,18,-2,694.723063158764,220.23778979893558,True,False,-16.109344482421875,-16.10934342071414,-16.1953125
am2_window_00_frame_150,30:33,7,18,0,694.6212068782563,222.2351944394932,True,False,-20.414947509765625,-20.414952218532562,-20.453125
am2_window_00_frame_150,30:33,7,18,2,694.5193505977486,224.23259908005082,True,False,-6.0110321044921875,-6.011032972484827,-5.9775390625
am2_window_00_frame_150,30:33,7,18,4,694.4174943172409,226.23000372060844,True,False,-8.709869384765625,-8.709871826693416,-8.71484375
am2_window_00_frame_150,30:33,7,19,-4,704.5607359929494,218.73685645003695,True,False,-1.843475341796875,-1.843477482907474,-1.703125
am2_window_00_frame_150,30:33,7,19,-2,704.4588797124417,220.73426109059457,True,False,-10.352783203125,-10.352782261557877,-10.12890625
am2_window_00_frame_150,30:33,7,19,0,704.357023431934,222.7316657311522,True,False,-22.3436279296875,-22.343629570677876,-22.3466796875
am2_window_00_frame_150,30:33,7,19,2,704.2551671514262,224.7290703717098,True,False,-23.083953857421875,-23.083951181732118,-23.1953125
am2_window_00_frame_150,30:33,7,19,4,704.1533108709185,226.72647501226743,True,False,-8.260475158691406,-8.26048169285059,-8.5146484375
am2_window_00_frame_150,30:33,7,20,-4,714.296552546627,219.23332774169594,True,False,-4.3351593017578125,-4.335160972550511,-4.62890625
am2_window_00_frame_150,30:33,7,20,-2,714.1946962661193,221.23073238225356,True,False,-14.938873291015625,-14.938872177153826,-14.189453125
am2_window_00_frame_150,30:33,7,20,0,714.0928399856116,223.22813702281118,True,False,-56.920562744140625,-56.920555736869574,-57.21875
am2_window_00_frame_150,30:33,7,20,2,713.9909837051039,225.2255416633688,True,False,-15.889457702636719,-15.88945134729147,-15.56640625
am2_window_00_frame_150,30:33,7,20,4,713.8891274245962,227.22294630392642,True,True,14.938873291015625,14.938872177153826,14.189453125
am2_window_00_frame_150,30:33,7,21,-4,724.0323824472052,219.729799713971,True,True,14.48419189453125,14.484185058623552,14.3876953125
am2_window_00_frame_150,30:33,7,21,-2,723.9305261666975,221.72720435452862,True,False,-1.217926025390625,-1.2179204560816288,-1.208984375
am2_window_00_frame_150,30:33,7,21,0,723.8286698861898,223.72460899508624,True,False,-14.990768432617188,-14.990774530917406,-14.9736328125
am2_window_00_frame_150,30:33,7,21,2,723.7268136056821,225.72201363564386,True,False,-26.594253540039062,-26.59424726292491,-26.435546875
am2_window_00_frame_150,30:33,7,21,4,723.6249573251744,227.71941827620148,True,False,-12.497360229492188,-12.497369531542063,-12.564453125
am2_window_00_frame_150,30:33,7,22,-4,733.7681990008828,220.22627100563003,True,False,6.750091552734375,6.750092870555818,6.67578125
am2_window_00_frame_150,30:33,7,22,-2,733.666342720375,222.22367564618764,True,False,3.829010009765625,3.829006833024323,3.9208984375
am2_window_00_frame_150,30:33,7,22,0,733.5644864398673,224.22108028674526,True,False,-6.17987060546875,-6.179867968894541,-6.189453125
am2_window_00_frame_150,30:33,7,22,2,733.4626301593596,226.21848492730288,True,False,-20.217498779296875,-20.21750470623374,-20.109375
am2_window_00_frame_150,30:33,7,22,4,733.3607738788519,228.2158895678605,True,False,-54.5850830078125,-54.58507809136063,-53.9921875
am2_window_00_frame_150,30:33,7,23,-4,743.5040155545604,220.72274229728902,True,False,-0.0277252197265625,-0.027725398540496826,-0.041015625
am2_window_00_frame_150,30:33,7,23,-2,743.4021592740527,222.72014693784664,True,False,-0.33391571044921875,-0.33391763642430305,-0.3330078125
am2_window_00_frame_150,30:33,7,23,0,743.300302993545,224.71755157840425,True,False,-76.74864196777344,-76.74863472022116,-76.96875
am2_window_00_frame_150,30:33,7,23,2,743.1984467130372,226.71495621896187,True,False,-82.90260314941406,-82.90261139720678,-82.8583984375
am2_window_00_frame_150,30:33,7,23,4,743.0965904325295,228.7123608595195,True,False,-55.39130401611328,-55.39130347967148,-55.333984375
