case_id,arm,pair_id,pencils,combined_count,valid_count,usable_count,gate2_usable_corners_equal,nearest_combined_px,nearest_combined_index,nearest_combined_valid,nearest_combined_usable,nearest_combined_player_any,nearest_combined_player_both_halves,nearest_valid_px,nearest_valid_index,nearest_valid_usable,nearest_valid_player_any,nearest_valid_player_both_halves,nearest_usable_px,nearest_usable_index,nearest_usable_post_gate_index,combined_within_5px,valid_within_5px,usable_within_5px,combined_within_20px,valid_within_20px,usable_within_20px
gxBQ_window_00_frame_0,M,0,0 1,262144,95174,42736,True,310.16902949507124,136548,True,True,1.0,1.0,310.16902949507124,136548,True,1.0,1.0,310.16902949507124,136548,19598,0,0,0,0,0,0
gxBQ_window_00_frame_0,M,2,0 3,262144,101720,88064,True,159.29197489694494,240697,True,True,1.0,0.7666666507720947,159.29197489694494,240697,True,1.0,0.7666666507720947,159.29197489694494,240697,80343,0,0,0,0,0,0
gxBQ_window_00_frame_0,M,3,0 4,38912,17584,15692,True,148.53871810314064,18623,True,True,1.0,1.0,148.53871810314064,18623,True,1.0,1.0,148.53871810314064,18623,7691,0,0,0,0,0,0
gxBQ_window_00_frame_0,M,5,0 6,262144,7862,7642,True,1729.323005660555,149338,False,False,1.0,0.0,2262.528108363686,144480,True,1.0,1.0,2262.528108363686,144480,1822,0,0,0,0,0,0
gxBQ_window_00_frame_0,M,7,0 8,230400,72176,56004,True,225.94058312740884,126090,True,True,1.0,1.0,225.94058312740884,126090,True,1.0,1.0,225.94058312740884,126090,30930,0,0,0,0,0,0
gxBQ_window_00_frame_0,M,8,0 9,262144,99208,83318,True,155.14812198576507,102463,True,True,1.0,0.8333333134651184,155.14812198576507,102463,True,1.0,0.8333333134651184,155.14812198576507,102463,27065,0,0,0,0,0,0
gxBQ_window_00_frame_0,M,9,0 10,0,0,0,True,,,,,,,,,,,,,,,,,,,,
gxBQ_window_00_frame_0,M,15,1 0,262144,90160,51526,True,278.04352679794135,258523,True,False,1.0,0.0,278.04352679794135,258523,False,1.0,0.0,282.76643321474444,258814,51273,0,0,0,0,0,0
gxBQ_window_00_frame_0,M,16,1 2,262144,39536,37724,True,290.46501042348865,261421,True,True,1.0,0.9333333373069763,290.46501042348865,261421,True,1.0,0.9333333373069763,290.46501042348865,261421,37655,0,0,0,0,0,0
gxBQ_window_00_frame_0,M,17,1 3,262144,4650,3556,True,64.6409872764514,224084,True,True,1.0,1.0,64.6409872764514,224084,True,1.0,1.0,64.6409872764514,224084,3280,0,0,0,0,0,0
gxBQ_window_00_frame_0,M,18,1 4,62464,1738,1524,True,69.90657047044374,47549,True,True,1.0,1.0,69.90657047044374,47549,True,1.0,1.0,69.90657047044374,47549,801,0,0,0,0,0,0
gxBQ_window_00_frame_0,M,19,1 5,150528,9492,7418,True,213.62115894537914,122307,False,False,1.0,1.0,479.3582776674704,136414,True,1.0,0.5,479.3582776674704,136414,4831,0,0,0,0,0,0
gxBQ_window_00_frame_0,M,21,1 7,262144,102240,15656,True,278.100624294361,188360,True,False,1.0,0.0,278.100624294361,188360,False,1.0,0.0,280.8422560788331,187774,9940,0,0,0,0,0,0
gxBQ_window_00_frame_0,M,23,1 9,262144,13392,12622,True,33.82247520617903,203788,True,True,1.0,1.0,33.82247520617903,203788,True,1.0,1.0,33.82247520617903,203788,10986,0,0,0,0,0,0
gxBQ_window_00_frame_0,M,25,1 11,262144,94900,66154,True,258.61198311500397,222463,True,False,1.0,0.2666666805744171,258.61198311500397,222463,False,1.0,0.2666666805744171,264.04792455341817,222647,54737,0,0,0,0,0,0
gxBQ_window_00_frame_0,M,26,1 12,262144,83636,54022,True,281.5965977972969,180553,True,True,1.0,1.0,281.5965977972969,180553,True,1.0,1.0,281.5965977972969,180553,37072,0,0,0,0,0,0
gxBQ_window_00_frame_0,M,27,1 13,262144,95964,58844,True,278.69016589778755,60643,True,False,1.0,0.03333333507180214,278.69016589778755,60643,False,1.0,0.03333333507180214,279.00252149448715,60815,12390,0,0,0,0,0,0
gxBQ_window_00_frame_0,M,28,1 14,262144,84908,56994,True,263.90498213962803,108949,True,True,1.0,0.5,263.90498213962803,108949,True,1.0,0.5,263.90498213962803,108949,26439,0,0,0,0,0,0
gxBQ_window_00_frame_0,M,29,1 15,262144,79116,65984,True,264.3481580589716,72926,True,False,1.0,0.03333333507180214,264.3481580589716,72926,False,1.0,0.03333333507180214,264.8951566684573,73109,18106,0,0,0,0,0,0
gxBQ_window_00_frame_0,M,31,2 1,262144,27760,8852,True,244.4450412250398,129503,True,True,1.0,1.0,244.4450412250398,129503,True,1.0,1.0,244.4450412250398,129503,3809,0,0,0,0,0,0
gxBQ_window_00_frame_0,M,32,2 3,262144,94914,81484,True,162.5832996152957,31148,True,True,1.0,0.6333333253860474,162.5832996152957,31148,True,1.0,0.6333333253860474,162.5832996152957,31148,9566,0,0,0,0,0,0
gxBQ_window_00_frame_0,M,33,2 4,32768,15448,14976,True,226.97288893778673,7547,True,True,1.0,0.6333333253860474,226.97288893778673,7547,True,1.0,0.6333333253860474,226.97288893778673,7547,3555,0,0,0,0,0,0
gxBQ_window_00_frame_0,M,35,2 6,262144,7942,7870,True,869.5483777212379,18760,False,False,1.0,1.0,1598.8270065122883,169184,True,1.0,1.0,1598.8270065122883,169184,4247,0,0,0,0,0,0
gxBQ_window_00_frame_0,M,38,2 9,262144,104846,88576,True,189.0047228832998,224384,True,True,1.0,1.0,189.0047228832998,224384,True,1.0,1.0,189.0047228832998,224384,74358,0,0,0,0,0,0
gxBQ_window_00_frame_0,M,39,2 10,0,0,0,True,,,,,,,,,,,,,,,,,,,,
gxBQ_window_00_frame_0,M,45,3 0,189440,72588,47580,True,311.6448555128758,164854,True,False,1.0,0.0,311.6448555128758,164854,False,1.0,0.0,313.76564856481525,164321,40641,0,0,0,0,0,0
gxBQ_window_00_frame_0,M,46,3 1,262144,3172,2148,True,304.4986385330429,166172,False,False,1.0,0.5,318.70358634990873,165996,True,1.0,0.5,318.70358634990873,165996,1562,0,0,0,0,0,0
gxBQ_window_00_frame_0,M,47,3 2,192512,73764,42162,True,295.65033373671963,171579,True,False,1.0,0.0,295.65033373671963,171579,False,1.0,0.0,298.20695386335194,171673,37887,0,0,0,0,0,0
gxBQ_window_00_frame_0,M,50,3 6,156160,57236,16610,True,517.4103286608879,34450,False,False,1.0,0.0,518.4068118312221,34863,False,1.0,0.0,522.0428481862235,84185,8659,0,0,0,0,0,0
gxBQ_window_00_frame_0,M,51,3 7,189440,52206,38122,True,371.2312367749773,17232,True,True,1.0,1.0,371.2312367749773,17232,True,1.0,1.0,371.2312367749773,17232,3043,0,0,0,0,0,0
gxBQ_window_00_frame_0,M,52,3 8,262144,3972,3050,True,289.8508786145062,94294,False,False,1.0,1.0,335.5029263595172,116979,True,1.0,0.8333333134651184,335.5029263595172,116979,1438,0,0,0,0,0,0
gxBQ_window_00_frame_0,M,55,3 11,189440,71408,47726,True,292.7433403151632,44459,True,False,1.0,0.0,292.7433403151632,44459,False,1.0,0.0,311.64103704846303,44476,10568,0,0,0,0,0,0
gxBQ_window_00_frame_0,M,56,3 12,192512,73772,49218,True,299.9767786739763,30989,True,False,0.7666666507720947,0.0,299.9767786739763,30989,False,0.7666666507720947,0.0,303.096773547094,31015,7610,0,0,0,0,0,0
gxBQ_window_00_frame_0,M,57,3 13,190464,77372,52752,True,299.3544876740707,49319,True,False,0.46666666865348816,0.0,299.3544876740707,49319,False,0.46666666865348816,0.0,301.81752575082953,49289,12965,0,0,0,0,0,0
gxBQ_window_00_frame_0,M,58,3 14,188416,76490,51260,True,290.2248353764662,185710,True,False,1.0,0.03333333507180214,290.2248353764662,185710,False,1.0,0.03333333507180214,293.68813936549134,185674,50451,0,0,0,0,0,0
gxBQ_window_00_frame_0,M,59,3 15,186368,65706,38126,True,322.80252829338394,142822,True,False,1.0,0.0,322.80252829338394,142822,False,1.0,0.0,323.04308041206144,142794,28941,0,0,0,0,0,0
gxBQ_window_00_frame_0,M,60,4 0,46080,19788,10744,True,302.29374671383306,40394,True,False,1.0,0.0,302.29374671383306,40394,False,1.0,0.0,333.22516878779874,33012,7907,0,0,0,0,0,0
gxBQ_window_00_frame_0,M,61,4 1,21504,3214,2624,True,326.60860006480135,2547,False,False,1.0,1.0,342.50701623965494,12794,True,1.0,1.0,342.50701623965494,12794,1540,0,0,0,0,0,0
gxBQ_window_00_frame_0,M,62,4 2,38912,14294,7486,True,301.4017016097979,18560,True,False,1.0,0.03333333507180214,301.4017016097979,18560,False,1.0,0.03333333507180214,309.8860571434745,29977,5759,0,0,0,0,0,0
gxBQ_window_00_frame_0,M,65,4 6,23528,10146,3012,True,515.4393197130213,19734,True,False,1.0,0.0,515.4393197130213,19734,False,1.0,0.0,520.4494996424444,19741,2535,0,0,0,0,0,0
gxBQ_window_00_frame_0,M,67,4 8,36864,4226,2982,True,248.4256654841048,31151,False,False,0.03333333507180214,0.0,368.5794882407224,31126,False,0.3333333432674408,0.0,382.10091421528693,35584,2858,0,0,0,0,0,0
gxBQ_window_00_frame_0,M,69,4 10,0,0,0,True,,,,,,,,,,,,,,,,,,,,
gxBQ_window_00_frame_0,M,70,4 11,48128,19872,11086,True,288.5770536784546,46327,True,False,1.0,0.0,288.5770536784546,46327,False,1.0,0.0,301.35475969657534,12615,2682,0,0,0,0,0,0
gxBQ_window_00_frame_0,M,71,4 12,44032,18434,11392,True,302.5164340513255,23291,True,False,1.0,0.0,302.5164340513255,23291,False,1.0,0.0,329.7482790560132,43017,11136,0,0,0,0,0,0
gxBQ_window_00_frame_0,M,72,4 13,45056,19966,10758,True,311.29285908644215,43030,False,False,0.0,0.0,319.8748810787717,40197,False,1.0,0.03333333507180214,327.92151590150684,42967,10303,0,0,0,0,0,0
gxBQ_window_00_frame_0,M,73,4 14,48128,21012,11508,True,294.7793299951782,2706,True,False,1.0,0.0,294.7793299951782,2706,False,1.0,0.0,301.30990879815755,2651,387,0,0,0,0,0,0
gxBQ_window_00_frame_0,M,74,4 15,43008,15788,8918,True,288.8722714740421,14696,True,False,1.0,0.0,288.8722714740421,14696,False,1.0,0.0,315.0349831584989,29455,5774,0,0,0,0,0,0
gxBQ_window_00_frame_0,M,76,5 1,172032,7406,522,True,295.05537452091005,119271,True,True,1.0,0.8333333134651184,295.05537452091005,119271,True,1.0,0.8333333134651184,295.05537452091005,119271,431,0,0,0,0,0,0
gxBQ_window_00_frame_0,M,80,5 6,37680,13950,1698,True,516.0179204604451,22649,False,False,1.0,1.0,521.7661125280537,30460,False,1.0,0.0,524.4245768058189,30273,1308,0,0,0,0,0,0
gxBQ_window_00_frame_0,M,81,5 7,62464,8580,5028,True,379.22186914327983,53787,True,True,1.0,1.0,379.22186914327983,53787,True,1.0,1.0,379.22186914327983,53787,4370,0,0,0,0,0,0
gxBQ_window_00_frame_0,M,82,5 8,154624,20478,10560,True,270.9247516445856,140938,True,True,1.0,1.0,270.9247516445856,140938,True,1.0,1.0,270.9247516445856,140938,9971,0,0,0,0,0,0
gxBQ_window_00_frame_0,M,90,6 0,189440,3992,604,True,823.4631975858537,96877,False,False,1.0,0.0,825.6429762351979,63207,True,1.0,1.0,825.6429762351979,63207,179,0,0,0,0,0,0
gxBQ_window_00_frame_0,M,92,6 2,176128,4876,3812,True,790.2381119450174,87690,False,False,1.0,1.0,836.6274846960722,87691,True,1.0,1.0,836.6274846960722,87691,1237,0,0,0,0,0,0
gxBQ_window_00_frame_0,M,93,6 3,130048,55686,47586,True,349.7084089952326,17381,True,True,1.0,1.0,349.7084089952326,17381,True,1.0,1.0,349.7084089952326,17381,7553,0,0,0,0,0,0
gxBQ_window_00_frame_0,M,94,6 4,21456,10240,10240,True,152.40733332193054,12798,True,True,1.0,1.0,152.40733332193054,12798,True,1.0,1.0,152.40733332193054,12798,6153,0,0,0,0,0,0
gxBQ_window_00_frame_0,M,95,6 5,36408,16292,15628,True,405.7445052292992,27215,True,True,1.0,1.0,405.7445052292992,27215,True,1.0,1.0,405.7445052292992,27215,11582,0,0,0,0,0,0
gxBQ_window_00_frame_0,M,98,6 9,130048,38916,34746,True,350.8011115272055,77282,True,True,1.0,1.0,350.8011115272055,77282,True,1.0,1.0,350.8011115272055,77282,19543,0,0,0,0,0,0
gxBQ_window_00_frame_0,M,100,6 11,163840,4880,1124,True,858.6696883386853,35382,False,False,1.0,1.0,867.4265319110762,35383,True,1.0,1.0,867.4265319110762,35383,161,0,0,0,0,0,0
gxBQ_window_00_frame_0,M,101,6 12,189440,5148,846,True,701.4288248635328,183796,True,True,1.0,1.0,701.4288248635328,183796,True,1.0,1.0,701.4288248635328,183796,821,0,0,0,0,0,0
gxBQ_window_00_frame_0,M,102,6 13,193536,2550,522,True,707.7866799058767,42548,True,True,1.0,1.0,707.7866799058767,42548,True,1.0,1.0,707.7866799058767,42548,104,0,0,0,0,0,0
gxBQ_window_00_frame_0,M,103,6 14,162816,6882,2344,True,857.1622827685236,117254,False,False,1.0,1.0,857.6674466594412,47294,True,1.0,1.0,857.6674466594412,47294,432,0,0,0,0,0,0
gxBQ_window_00_frame_0,M,104,6 15,169984,4622,974,True,824.2880518440847,144294,False,False,1.0,1.0,883.6426904386683,51335,True,1.0,1.0,883.6426904386683,51335,309,0,0,0,0,0,0
gxBQ_window_00_frame_0,M,106,7 1,262144,120898,103700,True,243.28915304774176,206288,True,True,1.0,1.0,243.28915304774176,206288,True,1.0,1.0,243.28915304774176,206288,79985,0,0,0,0,0,0
gxBQ_window_00_frame_0,M,108,7 3,262144,23364,19284,True,173.93110996410977,140561,True,True,1.0,1.0,173.93110996410977,140561,True,1.0,1.0,173.93110996410977,140561,9720,0,0,0,0,0,0
gxBQ_window_00_frame_0,M,110,7 5,94208,2274,2106,True,226.94002070427484,17677,True,False,1.0,0.0,226.94002070427484,17677,False,1.0,0.0,315.21713785491266,51468,1150,0,0,0,0,0,0
gxBQ_window_00_frame_0,M,112,7 8,232448,93956,83968,True,218.97593917580528,226637,True,True,1.0,1.0,218.97593917580528,226637,True,1.0,1.0,218.97593917580528,226637,81062,0,0,0,0,0,0
gxBQ_window_00_frame_0,M,113,7 9,262144,22212,17378,True,168.210897774412,156001,True,True,1.0,1.0,168.210897774412,156001,True,1.0,1.0,168.210897774412,156001,9773,0,0,0,0,0,0
gxBQ_window_00_frame_0,M,114,7 10,0,0,0,True,,,,,,,,,,,,,,,,,,,,
gxBQ_window_00_frame_0,M,120,8 0,199680,50504,32834,True,266.1351330660869,146881,True,False,1.0,0.30000001192092896,266.1351330660869,146881,False,1.0,0.30000001192092896,267.963145958912,146688,24281,0,0,0,0,0,0
gxBQ_window_00_frame_0,M,123,8 3,262144,5078,2956,True,123.31074527165184,171255,True,False,1.0,0.0,123.31074527165184,171255,False,1.0,0.0,188.19603027808967,51949,546,0,0,0,0,0,0
gxBQ_window_00_frame_0,M,124,8 4,44744,2600,1294,True,95.1417017653418,38498,True,True,1.0,1.0,95.1417017653418,38498,True,1.0,1.0,95.1417017653418,38498,862,0,0,0,0,0,0
gxBQ_window_00_frame_0,M,125,8 5,131072,13916,9782,True,295.13996249238687,93400,False,False,1.0,0.9333333373069763,426.80593317349576,113114,True,1.0,0.7666666507720947,426.80593317349576,113114,9125,0,0,0,0,0,0
gxBQ_window_00_frame_0,M,127,8 7,197632,65456,20756,True,293.233984989209,168008,True,True,1.0,1.0,293.233984989209,168008,True,1.0,1.0,293.233984989209,168008,16027,0,0,0,0,0,0
gxBQ_window_00_frame_0,M,128,8 9,262144,9350,6974,True,138.17791424539288,134211,True,False,1.0,0.0,138.17791424539288,134211,False,1.0,0.0,138.17791424539288,134385,3612,0,0,0,0,0,0
gxBQ_window_00_frame_0,M,130,8 11,199680,49928,33834,True,265.37145945933173,141526,True,False,1.0,0.2666666805744171,265.37145945933173,141526,False,1.0,0.2666666805744171,265.37588928398804,141313,22588,0,0,0,0,0,0
gxBQ_window_00_frame_0,M,131,8 12,201728,48184,33496,True,271.63451480009707,107448,True,False,1.0,0.0,271.63451480009707,107448,False,1.0,0.0,281.5141225209698,107278,17198,0,0,0,0,0,0
gxBQ_window_00_frame_0,M,132,8 13,200704,56062,36014,True,282.3378387251163,196205,True,True,1.0,1.0,282.3378387251163,196205,True,1.0,1.0,282.3378387251163,196205,34653,0,0,0,0,0,0
gxBQ_window_00_frame_0,M,133,8 14,199680,54608,34192,True,264.6613665615675,177288,True,True,1.0,0.5,264.6613665615675,177288,True,1.0,0.5,264.6613665615675,177288,30620,0,0,0,0,0,0
gxBQ_window_00_frame_0,M,134,8 15,200704,40332,31756,True,265.3502679662582,80288,True,False,1.0,0.23333333432674408,265.3502679662582,80288,False,1.0,0.23333333432674408,275.75502619251773,142013,21802,0,0,0,0,0,0
gxBQ_window_00_frame_0,M,135,9 0,262144,101420,47382,True,332.42696299384494,82379,True,False,1.0,0.0,332.42696299384494,82379,False,1.0,0.0,337.7108546117921,82277,15055,0,0,0,0,0,0
gxBQ_window_00_frame_0,M,136,9 1,262144,6078,5506,True,305.64491276645504,58873,False,False,1.0,1.0,375.5642639909385,58786,True,1.0,0.5333333611488342,375.5642639909385,58786,238,0,0,0,0,0,0
gxBQ_window_00_frame_0,M,137,9 2,262144,100074,35484,True,295.6596430844432,181657,True,False,1.0,0.03333333507180214,295.6596430844432,181657,False,1.0,0.03333333507180214,297.4741009465412,182067,23676,0,0,0,0,0,0
gxBQ_window_00_frame_0,M,141,9 6,165888,23580,7826,True,519.2204023480283,29035,False,False,1.0,0.10000000149011612,521.1569369131075,28910,False,1.0,0.03333333507180214,521.2648362900202,78064,3431,0,0,0,0,0,0
gxBQ_window_00_frame_0,M,142,9 7,262144,63446,25474,True,384.4412789518981,261256,True,False,1.0,0.0,384.4412789518981,261256,False,1.0,0.0,384.72010117864744,261950,25455,0,0,0,0,0,0
gxBQ_window_00_frame_0,M,143,9 8,262144,8224,5706,True,291.0858531440207,185850,False,False,0.9666666388511658,0.5333333611488342,327.4188771911837,185489,False,0.9333333373069763,0.5666666626930237,354.6528859573234,49646,790,0,0,0,0,0,0
gxBQ_window_00_frame_0,M,145,9 11,262144,100792,47954,True,288.4833928816431,176513,True,False,1.0,0.03333333507180214,288.4833928816431,176513,False,1.0,0.03333333507180214,291.57294014880273,176530,30982,0,0,0,0,0,0
gxBQ_window_00_frame_0,M,146,9 12,262144,94656,42736,True,300.33274386373165,261591,False,False,1.0,0.0,303.9707121602698,72158,False,1.0,0.03333333507180214,311.4786787701103,71994,10645,0,0,0,0,0,0
gxBQ_window_00_frame_0,M,147,9 13,262144,101740,49630,True,303.96534267245784,122324,True,False,1.0,0.03333333507180214,303.96534267245784,122324,False,1.0,0.03333333507180214,310.4055916225822,122731,23384,0,0,0,0,0,0
gxBQ_window_00_frame_0,M,148,9 14,262144,105536,51586,True,290.22600347848606,182461,True,False,1.0,0.03333333507180214,290.22600347848606,182461,False,1.0,0.03333333507180214,292.9803504018593,183197,34780,0,0,0,0,0,0
gxBQ_window_00_frame_0,M,149,9 15,262144,96216,35126,True,322.5646573002201,192570,True,False,1.0,0.03333333507180214,322.5646573002201,192570,False,1.0,0.03333333507180214,322.7118091517714,192702,24203,0,0,0,0,0,0
gxBQ_window_00_frame_0,M,150,10 0,0,0,0,True,,,,,,,,,,,,,,,,,,,,
gxBQ_window_00_frame_0,M,152,10 2,0,0,0,True,,,,,,,,,,,,,,,,,,,,
gxBQ_window_00_frame_0,M,154,10 4,0,0,0,True,,,,,,,,,,,,,,,,,,,,
gxBQ_window_00_frame_0,M,157,10 7,0,0,0,True,,,,,,,,,,,,,,,,,,,,
gxBQ_window_00_frame_0,M,160,10 11,0,0,0,True,,,,,,,,,,,,,,,,,,,,
gxBQ_window_00_frame_0,M,161,10 12,0,0,0,True,,,,,,,,,,,,,,,,,,,,
gxBQ_window_00_frame_0,M,162,10 13,0,0,0,True,,,,,,,,,,,,,,,,,,,,
gxBQ_window_00_frame_0,M,163,10 14,0,0,0,True,,,,,,,,,,,,,,,,,,,,
gxBQ_window_00_frame_0,M,164,10 15,0,0,0,True,,,,,,,,,,,,,,,,,,,,
gxBQ_window_00_frame_0,M,166,11 1,262144,94772,44550,True,269.8985934432065,170328,True,True,1.0,1.0,269.8985934432065,170328,True,1.0,1.0,269.8985934432065,170328,26783,0,0,0,0,0,0
gxBQ_window_00_frame_0,M,168,11 3,262144,99114,85666,True,159.92257844649757,128479,True,True,1.0,1.0,159.92257844649757,128479,True,1.0,1.0,159.92257844649757,128479,41307,0,0,0,0,0,0
gxBQ_window_00_frame_0,M,169,11 4,38912,16780,15196,True,179.909299414653,18256,True,True,1.0,1.0,179.909299414653,18256,True,1.0,1.0,179.909299414653,18256,7235,0,0,0,0,0,0
gxBQ_window_00_frame_0,M,171,11 6,262144,10904,10748,True,2069.196448175542,246434,False,False,1.0,1.0,3221.301559868933,237665,True,1.0,0.8666666746139526,3221.301559868933,237665,8236,0,0,0,0,0,0
gxBQ_window_00_frame_0,M,173,11 8,230400,78140,58494,True,217.52624350494318,62467,True,True,1.0,1.0,217.52624350494318,62467,True,1.0,1.0,217.52624350494318,62467,16133,0,0,0,0,0,0
gxBQ_window_00_frame_0,M,174,11 9,262144,99122,83634,True,157.1598118427505,140423,True,True,1.0,1.0,157.1598118427505,140423,True,1.0,1.0,157.1598118427505,140423,42060,0,0,0,0,0,0
gxBQ_window_00_frame_0,M,175,11 10,0,0,0,True,,,,,,,,,,,,,,,,,,,,
gxBQ_window_00_frame_0,M,181,12 1,262144,84784,40216,True,272.49661266556785,180584,True,True,1.0,1.0,272.49661266556785,180584,True,1.0,1.0,272.49661266556785,180584,26919,0,0,0,0,0,0
gxBQ_window_00_frame_0,M,183,12 3,262144,78236,69232,True,167.26467484327625,197421,True,True,1.0,1.0,167.26467484327625,197421,True,1.0,1.0,167.26467484327625,197421,47614,0,0,0,0,0,0
gxBQ_window_00_frame_0,M,184,12 4,38912,17408,16102,True,171.80854960760283,13714,True,True,1.0,1.0,171.80854960760283,13714,True,1.0,1.0,171.80854960760283,13714,5627,0,0,0,0,0,0
gxBQ_window_00_frame_0,M,186,12 6,262144,6518,6316,True,1648.5061659868857,229845,False,False,1.0,0.0,2732.0888701939866,47246,True,1.0,1.0,2732.0888701939866,47246,551,0,0,0,0,0,0
gxBQ_window_00_frame_0,M,188,12 8,229376,71128,50816,True,258.8778671246608,83275,True,True,1.0,1.0,258.8778671246608,83275,True,1.0,1.0,258.8778671246608,83275,19178,0,0,0,0,0,0
gxBQ_window_00_frame_0,M,189,12 9,262144,102986,86040,True,166.40150588723017,166235,True,True,1.0,1.0,166.40150588723017,166235,True,1.0,1.0,166.40150588723017,166235,52908,0,0,0,0,0,0
gxBQ_window_00_frame_0,M,190,12 10,0,0,0,True,,,,,,,,,,,,,,,,,,,,
gxBQ_window_00_frame_0,M,196,13 1,262144,104540,59840,True,251.75441531036162,115928,True,True,1.0,1.0,251.75441531036162,115928,True,1.0,1.0,251.75441531036162,115928,26332,0,0,0,0,0,0
gxBQ_window_00_frame_0,M,198,13 3,262144,111342,95712,True,155.07387508818513,227492,True,True,1.0,0.8333333134651184,155.07387508818513,227492,True,1.0,0.8333333134651184,155.07387508818513,227492,81199,0,0,0,0,0,0
gxBQ_window_00_frame_0,M,199,13 4,38912,18782,16826,True,150.02023116657813,19841,True,True,1.0,1.0,150.02023116657813,19841,True,1.0,1.0,150.02023116657813,19841,8826,0,0,0,0,0,0
gxBQ_window_00_frame_0,M,201,13 6,262144,6388,6242,True,3363.199013484447,143478,False,False,0.0,0.0,3363.199013484447,192631,False,1.0,0.0,3600.035683451156,167030,3405,0,0,0,0,0,0
gxBQ_window_00_frame_0,M,203,13 8,230400,81262,65496,True,216.51951451731014,225425,True,True,1.0,1.0,216.51951451731014,225425,True,1.0,1.0,216.51951451731014,225425,63524,0,0,0,0,0,0
gxBQ_window_00_frame_0,M,204,13 9,262144,102104,85094,True,152.15209243942397,100231,True,True,1.0,1.0,152.15209243942397,100231,True,1.0,1.0,152.15209243942397,100231,27146,0,0,0,0,0,0
gxBQ_window_00_frame_0,M,205,13 10,0,0,0,True,,,,,,,,,,,,,,,,,,,,
gxBQ_window_00_frame_0,M,211,14 1,262144,106298,54466,True,242.3606502757628,125857,True,True,1.0,1.0,242.3606502757628,125857,True,1.0,1.0,242.3606502757628,125857,24639,0,0,0,0,0,0
gxBQ_window_00_frame_0,M,213,14 3,262144,109188,93326,True,160.85900335110256,129690,True,True,1.0,1.0,160.85900335110256,129690,True,1.0,1.0,160.85900335110256,129690,43856,0,0,0,0,0,0
gxBQ_window_00_frame_0,M,214,14 4,37888,17066,14944,True,172.2357308586121,16631,True,True,1.0,1.0,172.2357308586121,16631,True,1.0,1.0,172.2357308586121,16631,6680,0,0,0,0,0,0
gxBQ_window_00_frame_0,M,216,14 6,262144,15316,15228,True,1407.703945074235,59440,False,False,1.0,1.0,1656.38150508189,59714,True,1.0,0.7333333492279053,1656.38150508189,59714,3285,0,0,0,0,0,0
gxBQ_window_00_frame_0,M,218,14 8,228352,82244,62264,True,217.7673126948034,61845,True,True,1.0,1.0,217.7673126948034,61845,True,1.0,1.0,217.7673126948034,61845,17121,0,0,0,0,0,0
gxBQ_window_00_frame_0,M,219,14 9,262144,102224,84974,True,156.70309525244053,101781,True,True,1.0,0.9333333373069763,156.70309525244053,101781,True,1.0,0.9333333373069763,156.70309525244053,101781,27681,0,0,0,0,0,0
gxBQ_window_00_frame_0,M,220,14 10,0,0,0,True,,,,,,,,,,,,,,,,,,,,
gxBQ_window_00_frame_0,M,226,15 1,262144,75468,27768,True,270.3735769475047,172428,True,True,1.0,1.0,270.3735769475047,172428,True,1.0,1.0,270.3735769475047,172428,15945,0,0,0,0,0,0
gxBQ_window_00_frame_0,M,228,15 3,262144,80910,68986,True,150.03073130388037,224457,True,True,1.0,0.5,150.03073130388037,224457,True,1.0,0.5,150.03073130388037,224457,56276,0,0,0,0,0,0
gxBQ_window_00_frame_0,M,229,15 4,35840,13462,12740,True,181.21539716156914,10455,True,True,1.0,1.0,181.21539716156914,10455,True,1.0,1.0,181.21539716156914,10455,3665,0,0,0,0,0,0
gxBQ_window_00_frame_0,M,231,15 6,262144,3738,3732,True,1615.2973140472388,198934,False,False,1.0,1.0,2134.229196455902,71052,True,1.0,1.0,2134.229196455902,71052,872,0,0,0,0,0,0
gxBQ_window_00_frame_0,M,233,15 8,230400,61534,40874,True,217.9090658467939,168149,True,True,1.0,1.0,217.9090658467939,168149,True,1.0,1.0,217.9090658467939,168149,29741,0,0,0,0,0,0
gxBQ_window_00_frame_0,M,234,15 9,262144,92962,77520,True,153.65902747634118,129115,True,True,1.0,0.5,153.65902747634118,129115,True,1.0,0.5,153.65902747634118,129115,34679,0,0,0,0,0,0
gxBQ_window_00_frame_0,M,235,15 10,0,0,0,True,,,,,,,,,,,,,,,,,,,,
am3_window_00_frame_0,R,0,0 1,262144,128364,61108,True,365.34501836471014,37087,True,True,1.0,0.8709677457809448,365.34501836471014,37087,True,1.0,0.8709677457809448,365.34501836471014,37087,6823,0,0,0,0,0,0
am3_window_00_frame_0,R,1,0 2,262144,37856,34968,True,311.9141204071277,190940,False,False,1.0,0.032258063554763794,420.37862061450477,47162,False,0.7419354915618896,0.0,438.6693608617501,227386,31513,0,0,0,0,0,0
am3_window_00_frame_0,R,3,0 4,29696,13186,6694,True,371.60669360892535,6193,True,True,1.0,0.9032257795333862,371.60669360892535,6193,True,1.0,0.9032257795333862,371.60669360892535,6193,822,0,0,0,0,0,0
am3_window_00_frame_0,R,6,0 7,262144,87672,69036,True,384.03653381510065,195793,True,True,1.0,1.0,384.03653381510065,195793,True,1.0,1.0,384.03653381510065,195793,52693,0,0,0,0,0,0
am3_window_00_frame_0,R,7,0 8,262144,19710,16612,True,303.93706542703194,159707,False,False,1.0,0.9032257795333862,452.8721243241761,222352,True,1.0,0.6451612710952759,452.8721243241761,222352,13874,0,0,0,0,0,0
am3_window_00_frame_0,R,15,1 0,262144,111428,59658,True,414.50277033539317,234608,True,True,1.0,0.9032257795333862,414.50277033539317,234608,True,1.0,0.9032257795333862,414.50277033539317,234608,54208,0,0,0,0,0,0
am3_window_00_frame_0,R,16,1 2,262144,106936,92820,True,412.87153940346633,249871,True,False,1.0,0.032258063554763794,412.87153940346633,249871,False,1.0,0.032258063554763794,416.2549623717883,46095,12722,0,0,0,0,0,0
am3_window_00_frame_0,R,17,1 3,262144,120934,60062,True,406.87886744301653,189785,True,True,1.0,0.8387096524238586,406.87886744301653,189785,True,1.0,0.8387096524238586,406.87886744301653,189785,43589,0,0,0,0,0,0
am3_window_00_frame_0,R,19,1 5,203776,91214,86130,True,406.87917634780325,60551,True,False,1.0,0.0,406.87917634780325,60551,False,1.0,0.0,407.3055624129119,8177,3964,0,0,0,0,0,0
am3_window_00_frame_0,R,20,1 6,262144,103456,82876,True,404.8782558069852,254342,True,False,1.0,0.12903225421905518,404.8782558069852,254342,False,1.0,0.12903225421905518,411.27708371004985,81286,22446,0,0,0,0,0,0
am3_window_00_frame_0,R,23,1 9,4096,266,220,True,601.6281009119938,1196,False,False,1.0,0.12903225421905518,1232.9381617704328,1136,True,1.0,0.8709677457809448,1232.9381617704328,1136,59,0,0,0,0,0,0
am3_window_00_frame_0,R,24,1 10,145408,32608,19130,True,406.9238748288456,95720,False,False,1.0,0.9354838728904724,416.0243527583213,144618,False,0.9032257795333862,0.0,416.2234707842562,51434,7764,0,0,0,0,0,0
am3_window_00_frame_0,R,25,1 11,2048,40,40,True,616.9820659221123,1979,False,False,1.0,0.6129032373428345,4131.9022648221835,1409,True,1.0,0.9032257795333862,4131.9022648221835,1409,27,0,0,0,0,0,0
am3_window_00_frame_0,R,27,1 13,262144,114760,58296,True,406.87888765598933,93605,True,True,1.0,0.8387096524238586,406.87888765598933,93605,True,1.0,0.8387096524238586,406.87888765598933,93605,20050,0,0,0,0,0,0
am3_window_00_frame_0,R,28,1 14,262144,120812,64424,True,406.8791929089799,255321,True,True,1.0,0.8387096524238586,406.8791929089799,255321,True,1.0,0.8387096524238586,406.8791929089799,255321,62879,0,0,0,0,0,0
am3_window_00_frame_0,R,29,1 15,262144,114116,61680,True,408.160028186143,211810,True,True,1.0,0.8387096524238586,408.160028186143,211810,True,1.0,0.8387096524238586,408.160028186143,211810,49107,0,0,0,0,0,0
am3_window_00_frame_0,R,30,2 0,262144,51596,31452,True,40.13970744678186,180443,True,True,1.0,0.9677419066429138,40.13970744678186,180443,True,1.0,0.9677419066429138,40.13970744678186,180443,21176,0,0,0,0,0,0
am3_window_00_frame_0,R,31,2 1,262144,105058,84870,True,365.81199885432915,30838,True,True,1.0,0.9354838728904724,365.81199885432915,30838,True,1.0,0.9354838728904724,365.81199885432915,30838,9270,0,0,0,0,0,0
am3_window_00_frame_0,R,32,2 3,262144,60888,32614,True,47.948468913368224,240629,True,True,1.0,1.0,47.948468913368224,240629,True,1.0,1.0,47.948468913368224,240629,29764,0,0,0,0,0,0
am3_window_00_frame_0,R,33,2 4,46080,19544,18532,True,430.8750461685784,36087,True,True,1.0,0.9354838728904724,430.8750461685784,36087,True,1.0,0.9354838728904724,430.8750461685784,36087,15036,0,0,0,0,0,0
am3_window_00_frame_0,R,34,2 5,262144,3780,3556,True,128.17678420310813,157047,True,False,0.9354838728904724,0.032258063554763794,128.17678420310813,157047,False,0.9354838728904724,0.032258063554763794,147.6363723412297,154992,3172,0,0,0,0,0,0
am3_window_00_frame_0,R,35,2 6,262144,5052,4310,True,158.45842606068896,47597,True,False,0.9032257795333862,0.0,158.45842606068896,47597,False,0.9032257795333862,0.0,317.62925775105896,159025,3403,0,0,0,0,0,0
am3_window_00_frame_0,R,36,2 7,253952,84256,55222,True,358.3245751249487,84201,True,True,1.0,0.9032257795333862,358.3245751249487,84201,True,1.0,0.9032257795333862,358.3245751249487,84201,15624,0,0,0,0,0,0
am3_window_00_frame_0,R,39,2 10,166912,1094,68,True,264.2952397921668,155021,False,False,1.0,0.8064516186714172,526.6995302598166,98144,False,0.9032257795333862,0.0,833.408459037999,155488,52,0,0,0,0,0,0
am3_window_00_frame_0,R,41,2 12,26624,1996,412,True,243.2134834011386,1010,False,False,1.0,0.0,537.6452631986319,22923,True,1.0,1.0,537.6452631986319,22923,326,0,0,0,0,0,0
am3_window_00_frame_0,R,42,2 13,262144,57276,35306,True,45.53092534238964,47157,True,True,1.0,0.9354838728904724,45.53092534238964,47157,True,1.0,0.9354838728904724,45.53092534238964,47157,6886,0,0,0,0,0,0
am3_window_00_frame_0,R,43,2 14,262144,57742,32628,True,46.09974689269952,117415,True,True,1.0,0.9354838728904724,46.09974689269952,117415,True,1.0,0.9354838728904724,46.09974689269952,117415,14662,0,0,0,0,0,0
am3_window_00_frame_0,R,44,2 15,262144,49030,31964,True,40.33717193270229,114363,True,True,1.0,0.9677419066429138,40.33717193270229,114363,True,1.0,0.9677419066429138,40.33717193270229,114363,14115,0,0,0,0,0,0
am3_window_00_frame_0,R,46,3 1,262144,127720,48030,True,364.70509285715605,179350,True,True,1.0,0.8387096524238586,364.70509285715605,179350,True,1.0,0.8387096524238586,364.70509285715605,179350,33803,0,0,0,0,0,0
am3_window_00_frame_0,R,47,3 2,262144,29408,26854,True,315.4847896783282,142532,False,False,1.0,0.06451612710952759,434.38095729043107,16782,True,1.0,0.5806451439857483,434.38095729043107,16782,1223,0,0,0,0,0,0
am3_window_00_frame_0,R,48,3 4,24576,10828,4328,True,371.4002619349572,6329,True,True,1.0,0.8709677457809448,371.4002619349572,6329,True,1.0,0.8709677457809448,371.4002619349572,6329,708,0,0,0,0,0,0
am3_window_00_frame_0,R,51,3 7,262144,94584,72522,True,384.04093009744616,163106,True,True,1.0,0.8387096524238586,384.04093009744616,163106,True,1.0,0.8387096524238586,384.04093009744616,163106,44145,0,0,0,0,0,0
am3_window_00_frame_0,R,52,3 8,262144,41028,37138,True,304.4540760224104,180255,False,False,1.0,0.9032257795333862,456.9547914289222,112830,True,1.0,0.8387096524238586,456.9547914289222,112830,19045,0,0,0,0,0,0
am3_window_00_frame_0,R,60,4 0,32768,13824,3924,True,421.3155717964877,30104,True,False,1.0,0.0,421.3155717964877,30104,False,1.0,0.0,430.87877896086974,25612,3136,0,0,0,0,0,0
am3_window_00_frame_0,R,62,4 2,53248,21348,18572,True,414.68384346537886,7366,True,True,1.0,0.9354838728904724,414.68384346537886,7366,True,1.0,0.9354838728904724,414.68384346537886,7366,2041,0,0,0,0,0,0
am3_window_00_frame_0,R,63,4 3,29696,12062,3192,True,421.68235956719224,29626,True,False,1.0,0.0,421.68235956719224,29626,False,1.0,0.0,430.87281930840993,5010,550,0,0,0,0,0,0
am3_window_00_frame_0,R,64,4 5,22272,6872,6456,True,467.13645493912975,6315,True,True,1.0,0.8387096524238586,467.13645493912975,6315,True,1.0,0.8387096524238586,467.13645493912975,6315,1845,0,0,0,0,0,0
am3_window_00_frame_0,R,68,4 9,3168,332,36,True,564.3680215478337,588,False,False,1.0,0.0,1290.788817488226,1322,False,1.0,0.0,3214.9542152121685,2929,28,0,0,0,0,0,0
am3_window_00_frame_0,R,70,4 11,0,0,0,True,,,,,,,,,,,,,,,,,,,,
am3_window_00_frame_0,R,72,4 13,29696,12596,3406,True,421.3211792673916,14023,True,False,1.0,0.0,421.3211792673916,14023,False,1.0,0.0,430.8723075352864,28553,3340,0,0,0,0,0,0
am3_window_00_frame_0,R,73,4 14,28672,12060,3368,True,421.7196362746544,22220,True,False,1.0,0.0,421.7196362746544,22220,False,1.0,0.0,430.8722901665803,23657,2950,0,0,0,0,0,0
am3_window_00_frame_0,R,74,4 15,36864,15970,3380,True,421.96345733754197,15576,True,False,1.0,0.0,421.96345733754197,15576,False,1.0,0.0,430.8815736684362,33137,3070,0,0,0,0,0,0
am3_window_00_frame_0,R,76,5 1,95232,27022,23448,True,365.32226590235547,75670,True,True,1.0,1.0,365.32226590235547,75670,True,1.0,1.0,365.32226590235547,75670,17729,0,0,0,0,0,0
am3_window_00_frame_0,R,77,5 2,218112,3218,1794,True,343.51613773064236,164401,False,False,0.9354838728904724,0.8709677457809448,719.3930701584856,119670,False,0.9354838728904724,0.8709677457809448,842.5942690630969,122517,656,0,0,0,0,0,0
am3_window_00_frame_0,R,79,5 4,20592,8704,8124,True,371.97990815367604,4399,True,True,1.0,0.9354838728904724,371.97990815367604,4399,True,1.0,0.9354838728904724,371.97990815367604,4399,2181,0,0,0,0,0,0
am3_window_00_frame_0,R,81,5 7,95232,4654,4646,True,384.02050184864004,32029,True,True,1.0,1.0,384.02050184864004,32029,True,1.0,1.0,384.02050184864004,32029,1080,0,0,0,0,0,0
am3_window_00_frame_0,R,82,5 8,251904,10816,6526,True,283.8558440364425,222869,False,False,1.0,0.774193525314331,315.88579772195385,149777,False,1.0,0.35483869910240173,317.02844495885205,4293,22,0,0,0,0,0,0
am3_window_00_frame_0,R,91,6 1,262144,66336,29388,True,365.46269382910515,121880,True,True,1.0,0.9354838728904724,365.46269382910515,121880,True,1.0,0.9354838728904724,365.46269382910515,121880,6409,0,0,0,0,0,0
am3_window_00_frame_0,R,92,6 2,262144,6226,1866,True,300.01889848686335,153782,False,False,0.8064516186714172,0.06451612710952759,636.6260421847045,258150,False,0.9677419066429138,0.0,807.3612014425947,68667,91,0,0,0,0,0,0
am3_window_00_frame_0,R,96,6 7,262144,15540,8448,True,384.01922369491496,26725,False,False,1.0,0.9354838728904724,384.01922369491496,130149,True,1.0,0.9354838728904724,384.01922369491496,130149,2057,0,0,0,0,0,0
am3_window_00_frame_0,R,97,6 8,261120,25372,11032,True,296.036843025218,34067,False,False,1.0,1.0,297.33333237636623,180690,True,1.0,0.8709677457809448,297.33333237636623,180690,7479,0,0,0,0,0,0
am3_window_00_frame_0,R,105,7 0,262144,76846,23730,True,413.63570165566574,67878,True,False,1.0,0.0,413.63570165566574,67878,False,1.0,0.0,427.92971049009293,152512,14425,0,0,0,0,0,0
am3_window_00_frame_0,R,107,7 2,262144,113456,96630,True,419.47107313880633,133605,True,False,1.0,0.032258063554763794,419.47107313880633,133605,False,1.0,0.032258063554763794,422.3550561273722,53432,16391,0,0,0,0,0,0
am3_window_00_frame_0,R,108,7 3,262144,78738,26184,True,427.9697564260038,55564,True,True,1.0,0.8387096524238586,427.9697564260038,55564,True,1.0,0.8387096524238586,427.9697564260038,55564,5666,0,0,0,0,0,0
am3_window_00_frame_0,R,110,7 5,202752,14542,14040,True,416.0527102479223,54264,True,True,1.0,0.774193525314331,416.0527102479223,54264,True,1.0,0.774193525314331,416.0527102479223,54264,3698,0,0,0,0,0,0
am3_window_00_frame_0,R,111,7 6,237568,17408,13952,True,426.0389119561556,186944,True,False,1.0,0.0,426.0389119561556,186944,False,1.0,0.0,427.85242783579577,226848,13127,0,0,0,0,0,0
am3_window_00_frame_0,R,113,7 9,3920,646,636,True,579.2032933038962,271,False,False,1.0,0.16129031777381897,1166.9642224535164,305,False,1.0,0.0,2643.448627687644,75,18,0,0,0,0,0,0
am3_window_00_frame_0,R,114,7 10,142336,2756,1356,True,412.21623122814907,113710,False,False,1.0,0.9032257795333862,465.93348648475353,70091,False,0.9032257795333862,0.0,465.93348648475353,79306,925,0,0,0,0,0,0
am3_window_00_frame_0,R,115,7 11,0,0,0,True,,,,,,,,,,,,,,,,,,,,
am3_window_00_frame_0,R,116,7 12,53248,936,314,True,420.12862394412156,46588,False,False,1.0,0.9032257795333862,432.8311952760728,49380,False,0.9032257795333862,0.0,511.87368857949383,7576,50,0,0,0,0,0,0
am3_window_00_frame_0,R,117,7 13,262144,73812,23462,True,424.37820855799214,167568,True,False,1.0,0.0,424.37820855799214,167568,False,1.0,0.0,427.1022486993407,167794,16028,0,0,0,0,0,0
am3_window_00_frame_0,R,118,7 14,262144,78378,23696,True,427.9186207492381,135450,True,True,1.0,0.8064516186714172,427.9186207492381,135450,True,1.0,0.8064516186714172,427.9186207492381,135450,13192,0,0,0,0,0,0
am3_window_00_frame_0,R,119,7 15,262144,78922,22032,True,432.8291505464499,162833,True,False,1.0,0.0,432.8291505464499,162833,False,1.0,0.0,432.8291505464499,163067,13216,0,0,0,0,0,0
am3_window_00_frame_0,R,120,8 0,262144,29280,14320,True,190.2188711269684,111683,True,True,1.0,0.9032257795333862,190.2188711269684,111683,True,1.0,0.9032257795333862,190.2188711269684,111683,7441,0,0,0,0,0,0
am3_window_00_frame_0,R,123,8 3,262144,29716,16938,True,158.58413480634022,185511,True,True,1.0,0.9032257795333862,158.58413480634022,185511,True,1.0,0.9032257795333862,158.58413480634022,185511,12540,0,0,0,0,0,0
am3_window_00_frame_0,R,125,8 5,242688,11138,3522,True,125.0546060135178,204988,False,False,1.0,0.8709677457809448,572.1451642248906,203850,True,1.0,0.8709677457809448,572.1451642248906,203850,2482,0,0,0,0,0,0
am3_window_00_frame_0,R,126,8 6,262144,18048,13256,True,109.89129009715724,100701,False,False,1.0,0.9677419066429138,562.5247598801899,100646,True,1.0,0.8064516186714172,562.5247598801899,100646,5180,0,0,0,0,0,0
am3_window_00_frame_0,R,129,8 10,166912,4952,2100,True,169.91971194901836,138124,False,False,1.0,0.9032257795333862,588.3429746380939,111810,True,1.0,0.8709677457809448,588.3429746380939,111810,1193,0,0,0,0,0,0
am3_window_00_frame_0,R,131,8 12,39936,1150,632,True,329.17345369683045,15536,False,False,1.0,0.8387096524238586,571.915134120328,5135,True,1.0,0.5161290168762207,571.915134120328,5135,4,0,0,0,0,0,0
am3_window_00_frame_0,R,132,8 13,262144,30122,16722,True,189.9226912146325,156717,True,True,1.0,0.9032257795333862,189.9226912146325,156717,True,1.0,0.9032257795333862,189.9226912146325,156717,10234,0,0,0,0,0,0
am3_window_00_frame_0,R,133,8 14,262144,33634,21586,True,174.15952948783033,158758,True,True,1.0,0.9032257795333862,174.15952948783033,158758,True,1.0,0.9032257795333862,174.15952948783033,158758,13543,0,0,0,0,0,0
am3_window_00_frame_0,R,134,8 15,262144,30470,16180,True,180.3393205151478,78229,True,True,1.0,0.8709677457809448,180.3393205151478,78229,True,1.0,0.8709677457809448,180.3393205151478,78229,5353,0,0,0,0,0,0
am3_window_00_frame_0,R,136,9 1,4096,250,0,True,620.5386123022632,3883,False,False,1.0,0.8709677457809448,2023.0496460892296,2987,False,1.0,0.0,,,,0,0,0,0,0,0
am3_window_00_frame_0,R,139,9 4,212,36,22,True,689.727526479029,75,False,False,1.0,0.8064516186714172,1259.3180895382145,97,True,1.0,0.8387096524238586,1259.3180895382145,97,8,0,0,0,0,0,0
am3_window_00_frame_0,R,142,9 7,6144,1630,42,True,606.6044083811041,5974,False,False,1.0,1.0,1971.1012691423161,3248,True,1.0,1.0,1971.1012691423161,3248,35,0,0,0,0,0,0
am3_window_00_frame_0,R,151,10 1,110592,26012,18878,True,366.74772997888095,20408,True,True,1.0,0.9354838728904724,366.74772997888095,20408,True,1.0,0.9354838728904724,366.74772997888095,20408,2720,0,0,0,0,0,0
am3_window_00_frame_0,R,152,10 2,152576,5072,1890,True,314.32926329354035,144252,False,False,1.0,0.6129032373428345,343.702289474318,140063,True,1.0,0.8709677457809448,343.702289474318,140063,1051,0,0,0,0,0,0
am3_window_00_frame_0,R,157,10 7,110592,4632,2594,True,384.0228373770372,42429,True,True,1.0,0.9354838728904724,384.0228373770372,42429,True,1.0,0.9354838728904724,384.0228373770372,42429,232,0,0,0,0,0,0
am3_window_00_frame_0,R,158,10 8,163840,5488,2380,True,279.8750544899799,91463,False,False,0.8387096524238586,0.12903225421905518,299.2161674274115,157065,True,1.0,0.8709677457809448,299.2161674274115,157065,2083,0,0,0,0,0,0
am3_window_00_frame_0,R,166,11 1,0,0,0,True,,,,,,,,,,,,,,,,,,,,
am3_window_00_frame_0,R,169,11 4,344,22,2,True,511.7386798633613,233,False,False,1.0,0.5483871102333069,511.8325882116304,232,True,1.0,0.5483871102333069,511.8325882116304,232,0,0,0,0,0,0,0
am3_window_00_frame_0,R,172,11 7,0,0,0,True,,,,,,,,,,,,,,,,,,,,
am3_window_00_frame_0,R,182,12 2,25600,2292,1124,True,283.47330905967124,14724,False,False,1.0,0.9032257795333862,331.2210985622059,7424,True,1.0,0.9032257795333862,331.2210985622059,7424,318,0,0,0,0,0,0
am3_window_00_frame_0,R,187,12 7,64512,3602,900,True,363.69904016708165,15245,False,False,1.0,0.9354838728904724,384.0202610639043,19745,True,1.0,1.0,384.0202610639043,19745,245,0,0,0,0,0,0
am3_window_00_frame_0,R,188,12 8,63488,2860,1866,True,300.03373464112644,60817,False,False,1.0,0.5806451439857483,308.4050233266786,10528,True,1.0,0.9677419066429138,308.4050233266786,10528,247,0,0,0,0,0,0
am3_window_00_frame_0,R,196,13 1,262144,127812,60114,True,365.776040103383,49637,True,True,1.0,0.9677419066429138,365.776040103383,49637,True,1.0,0.9677419066429138,365.776040103383,49637,9563,0,0,0,0,0,0
am3_window_00_frame_0,R,197,13 2,262144,42344,39398,True,313.17369873955573,202894,False,False,1.0,0.032258063554763794,421.05828425637327,163909,True,1.0,0.8064516186714172,421.05828425637327,163909,22558,0,0,0,0,0,0
am3_window_00_frame_0,R,199,13 4,26624,11544,5704,True,371.5797363364874,3221,True,True,1.0,0.9354838728904724,371.5797363364874,3221,True,1.0,0.9354838728904724,371.5797363364874,3221,122,0,0,0,0,0,0
am3_window_00_frame_0,R,202,13 7,262144,90686,71942,True,384.029468770138,122338,True,True,1.0,1.0,384.029468770138,122338,True,1.0,1.0,384.029468770138,122338,34415,0,0,0,0,0,0
am3_window_00_frame_0,R,203,13 8,262144,31686,28532,True,303.89710443826516,114571,False,False,1.0,0.9032257795333862,484.808969372641,262072,True,1.0,0.6129032373428345,484.808969372641,262072,28510,0,0,0,0,0,0
am3_window_00_frame_0,R,211,14 1,262144,127770,57798,True,364.81634203873415,182664,True,True,1.0,0.9354838728904724,364.81634203873415,182664,True,1.0,0.9354838728904724,364.81634203873415,182664,41554,0,0,0,0,0,0
am3_window_00_frame_0,R,212,14 2,262144,38236,35000,True,313.05168413266995,234572,False,False,1.0,0.032258063554763794,440.48753830905,27648,True,1.0,0.8387096524238586,440.48753830905,27648,2560,0,0,0,0,0,0
am3_window_00_frame_0,R,214,14 4,23552,10042,4900,True,371.40524570171493,6477,True,True,1.0,1.0,371.40524570171493,6477,True,1.0,1.0,371.40524570171493,6477,880,0,0,0,0,0,0
am3_window_00_frame_0,R,217,14 7,262144,94632,75970,True,384.023879567891,159101,True,True,1.0,0.7419354915618896,384.023879567891,159101,True,1.0,0.7419354915618896,384.023879567891,159101,44528,0,0,0,0,0,0
am3_window_00_frame_0,R,218,14 8,262144,44472,39942,True,304.5399405009404,134755,False,False,1.0,0.9354838728904724,484.7192382802075,102521,True,1.0,0.8709677457809448,484.7192382802075,102521,19267,0,0,0,0,0,0
am3_window_00_frame_0,R,226,15 1,262144,127368,76958,True,365.34840676092125,39177,True,True,1.0,0.8709677457809448,365.34840676092125,39177,True,1.0,0.8709677457809448,365.34840676092125,39177,9366,0,0,0,0,0,0
am3_window_00_frame_0,R,227,15 2,262144,36338,33208,True,312.1950458690651,28191,False,False,0.9677419066429138,0.032258063554763794,421.3815737069887,69686,False,0.7096773982048035,0.0,438.0213928976505,240245,29862,0,0,0,0,0,0
am3_window_00_frame_0,R,229,15 4,35840,16202,10520,True,371.60173898631535,26671,True,True,1.0,0.9032257795333862,371.60173898631535,26671,True,1.0,0.9032257795333862,371.60173898631535,26671,7544,0,0,0,0,0,0
am3_window_00_frame_0,R,232,15 7,262144,88800,75838,True,384.0327526955276,236732,True,True,1.0,1.0,384.0327526955276,236732,True,1.0,1.0,384.0327526955276,236732,69011,0,0,0,0,0,0
am3_window_00_frame_0,R,233,15 8,262144,24966,21368,True,303.89646484637547,77806,False,False,1.0,0.9032257795333862,437.2357673017144,169423,True,1.0,0.8709677457809448,437.2357673017144,169423,14322,0,0,0,0,0,0
