case_id,arm,pair_id,pencils,proposed_count,retained_count,nearest_proposed_px,nearest_proposed_index,nearest_proposed_retained,nearest_retained_px,nearest_retained_index,nearest_retained_px_float64_from_record,cap_gain_px,cap_discarded_closer_court,courts_closer_than_pool_nearest
gxBQ_window_00_frame_0,M,0,0 1,42736,256,310.16902949507124,19598,False,341.96893051146236,6655,341.9689346980678,31.799901016391118,True,0
gxBQ_window_00_frame_0,M,2,0 3,88064,256,159.29197489694494,80343,False,385.0951134925622,57870,385.09511060208905,225.80313859561724,True,0
gxBQ_window_00_frame_0,M,3,0 4,15692,256,148.53871810314064,7691,False,296.5556793860756,15415,296.55568505015316,148.01696128293497,True,0
gxBQ_window_00_frame_0,M,5,0 6,7642,256,2262.528108363686,1822,True,2262.528108363686,1822,2262.5282098572884,0.0,False,0
gxBQ_window_00_frame_0,M,7,0 8,56004,256,225.94058312740884,30930,False,348.027340170644,12971,348.02732649962945,122.08675704323514,True,0
gxBQ_window_00_frame_0,M,8,0 9,83318,256,155.14812198576507,27065,False,984.9784503173532,75954,984.9784522420906,829.8303283315881,True,0
gxBQ_window_00_frame_0,M,9,0 10,0,0,,,,,,,,,
gxBQ_window_00_frame_0,M,15,1 0,51526,256,282.76643321474444,51273,False,282.7664446112894,51204,282.76643686598015,1.139654494863862e-05,False,0
gxBQ_window_00_frame_0,M,16,1 2,37724,256,290.46501042348865,37655,False,357.39616459181315,7079,357.3961559123347,66.9311541683245,True,0
gxBQ_window_00_frame_0,M,17,1 3,3556,256,64.6409872764514,3280,False,93.03179322467759,2056,93.03179015781157,28.390805948226188,True,0
gxBQ_window_00_frame_0,M,18,1 4,1524,256,69.90657047044374,801,False,111.86686700178511,787,111.86684665914316,41.96029653134137,True,0
gxBQ_window_00_frame_0,M,19,1 5,7418,256,479.3582776674704,4831,False,487.61045023006244,4782,487.6104565857455,8.252172562592023,True,0
gxBQ_window_00_frame_0,M,21,1 7,15656,256,280.8422560788331,9940,False,301.7450971218415,14715,301.7450708536767,20.902841043008436,True,0
gxBQ_window_00_frame_0,M,23,1 9,12622,256,33.82247520617903,10986,True,33.82247520617903,10986,33.822484574184806,0.0,False,0
gxBQ_window_00_frame_0,M,25,1 11,66154,256,264.04792455341817,54737,False,282.9490001049265,54710,282.9489935949493,18.901075551508313,True,0
gxBQ_window_00_frame_0,M,26,1 12,54022,256,281.5965977972969,37072,False,345.9370286302309,24305,345.9370336853941,64.34043083293398,True,0
gxBQ_window_00_frame_0,M,27,1 13,58844,256,279.00252149448715,12390,False,310.0033769921537,10755,310.0033651774931,31.00085549766652,True,0
gxBQ_window_00_frame_0,M,28,1 14,56994,256,263.90498213962803,26439,False,288.3604579038064,6297,288.36044420510007,24.455475764178345,True,0
gxBQ_window_00_frame_0,M,29,1 15,65984,256,264.8951566684573,18106,False,291.924385777131,50400,291.9243978945929,27.029229108673746,True,0
gxBQ_window_00_frame_0,M,31,2 1,8852,256,244.4450412250398,3809,False,290.9315931136389,763,290.93157380197414,46.48655188859908,True,0
gxBQ_window_00_frame_0,M,32,2 3,81484,256,162.5832996152957,9566,False,488.2724220884084,10222,488.27243239811077,325.6891224731127,True,0
gxBQ_window_00_frame_0,M,33,2 4,14976,256,226.97288893778673,3555,False,395.7252642869778,3892,395.72527233697264,168.75237534919106,True,0
gxBQ_window_00_frame_0,M,35,2 6,7870,256,1598.8270065122883,4247,False,2652.2954400641943,4333,2652.2953250939245,1053.468433551906,True,0
gxBQ_window_00_frame_0,M,38,2 9,88576,256,189.0047228832998,74358,False,576.0553532789048,39334,576.055350283657,387.050630395605,True,0
gxBQ_window_00_frame_0,M,39,2 10,0,0,,,,,,,,,
gxBQ_window_00_frame_0,M,45,3 0,47580,256,313.76564856481525,40641,False,367.53957214159186,29528,367.5395700193158,53.77392357677661,True,0
gxBQ_window_00_frame_0,M,46,3 1,2148,256,318.70358634990873,1562,False,415.6808557427544,1746,415.68087874668225,96.97726939284564,True,0
gxBQ_window_00_frame_0,M,47,3 2,42162,256,298.20695386335194,37887,False,475.8488342302108,30096,475.84884952647957,177.64188036685886,True,0
gxBQ_window_00_frame_0,M,50,3 6,16610,256,522.0428481862235,8659,False,554.976508192602,8760,554.9765141359625,32.93366000637843,True,0
gxBQ_window_00_frame_0,M,51,3 7,38122,256,371.2312367749773,3043,False,529.5723767781853,25145,529.5723803353109,158.34114000320807,True,0
gxBQ_window_00_frame_0,M,52,3 8,3050,256,335.5029263595172,1438,False,361.140168914102,1481,361.1401682806961,25.637242554584816,True,0
gxBQ_window_00_frame_0,M,55,3 11,47726,256,311.64103704846303,10568,False,366.04256381804834,15432,366.04257750362063,54.4015267695853,True,0
gxBQ_window_00_frame_0,M,56,3 12,49218,256,303.096773547094,7610,False,488.4820714068116,25090,488.48206576731576,185.38529785971758,True,0
gxBQ_window_00_frame_0,M,57,3 13,52752,256,301.81752575082953,12965,False,367.48482543002785,33012,367.4848123132603,65.66729967919832,True,0
gxBQ_window_00_frame_0,M,58,3 14,51260,256,293.68813936549134,50451,False,378.9543159654639,5784,378.954312488847,85.26617659997254,True,0
gxBQ_window_00_frame_0,M,59,3 15,38126,256,323.04308041206144,28941,False,377.35039740982285,10494,377.3503865435758,54.307316997761404,True,0
gxBQ_window_00_frame_0,M,60,4 0,10744,256,333.22516878779874,7907,False,348.67762747130814,3311,348.67762766711286,15.452458683509406,True,0
gxBQ_window_00_frame_0,M,61,4 1,2624,256,342.50701623965494,1540,False,412.3128019566228,901,412.3127925176583,69.80578571696788,True,0
gxBQ_window_00_frame_0,M,62,4 2,7486,256,309.8860571434745,5759,False,469.5623274073337,4275,469.56233101483735,159.67627026385924,True,0
gxBQ_window_00_frame_0,M,65,4 6,3012,256,520.4494996424444,2535,False,754.2293947776145,1551,754.2294161512875,233.77989513517014,True,0
gxBQ_window_00_frame_0,M,67,4 8,2982,256,382.10091421528693,2858,False,472.3863208989021,1206,472.3863262656929,90.28540668361518,True,0
gxBQ_window_00_frame_0,M,69,4 10,0,0,,,,,,,,,
gxBQ_window_00_frame_0,M,70,4 11,11086,256,301.35475969657534,2682,False,348.750848578994,10545,348.7508619626524,47.39608888241867,True,0
gxBQ_window_00_frame_0,M,71,4 12,11392,256,329.7482790560132,11136,False,363.0082354076877,8919,363.0082271146505,33.25995635167453,True,0
gxBQ_window_00_frame_0,M,72,4 13,10758,256,327.92151590150684,10303,False,349.9681626536933,6681,349.96816219593615,22.04664675218646,True,0
gxBQ_window_00_frame_0,M,73,4 14,11508,256,301.30990879815755,387,False,347.3405991994951,4769,347.34057602952333,46.03069040133755,True,0
gxBQ_window_00_frame_0,M,74,4 15,8918,256,315.0349831584989,5774,False,409.72103064140987,8806,409.7210461505571,94.68604748291096,True,0
gxBQ_window_00_frame_0,M,76,5 1,522,256,295.05537452091005,431,True,295.05537452091005,431,295.05536019880225,0.0,False,0
gxBQ_window_00_frame_0,M,80,5 6,1698,256,524.4245768058189,1308,False,528.0156667982176,1309,528.015684880918,3.591089992398679,True,0
gxBQ_window_00_frame_0,M,81,5 7,5028,256,379.22186914327983,4370,False,395.3669139323254,544,395.3668919850312,16.145044789045585,True,0
gxBQ_window_00_frame_0,M,82,5 8,10560,256,270.9247516445856,9971,False,355.75847516717545,9996,355.75848403592715,84.83372352258982,True,0
gxBQ_window_00_frame_0,M,90,6 0,604,256,825.6429762351979,179,False,827.288388323004,375,827.2883878712827,1.6454120878061076,True,0
gxBQ_window_00_frame_0,M,92,6 2,3812,256,836.6274846960722,1237,False,1336.8699172028423,511,1336.869923098769,500.2424325067701,True,0
gxBQ_window_00_frame_0,M,93,6 3,47586,256,349.7084089952326,7553,False,446.4954729346444,8926,446.4954830899165,96.78706393941178,True,0
gxBQ_window_00_frame_0,M,94,6 4,10240,256,152.40733332193054,6153,False,505.0511069702464,2406,505.05112244477857,352.64377364831586,True,0
gxBQ_window_00_frame_0,M,95,6 5,15628,256,405.7445052292992,11582,False,494.18977562120267,8450,494.1897786217719,88.44527039190348,True,0
gxBQ_window_00_frame_0,M,98,6 9,34746,256,350.8011115272055,19543,False,433.17208709177595,17696,433.1720979063241,82.37097556457047,True,0
gxBQ_window_00_frame_0,M,100,6 11,1124,256,867.4265319110762,161,False,1022.5978889603022,825,1022.597843034929,155.171357049226,True,0
gxBQ_window_00_frame_0,M,101,6 12,846,256,701.4288248635328,821,True,701.4288248635328,821,701.4288272733701,0.0,False,0
gxBQ_window_00_frame_0,M,102,6 13,522,256,707.7866799058767,104,True,707.7866799058767,104,707.7866784782743,0.0,False,0
gxBQ_window_00_frame_0,M,103,6 14,2344,256,857.6674466594412,432,False,1044.9646834223813,332,1044.9646720091737,187.2972367629401,True,0
gxBQ_window_00_frame_0,M,104,6 15,974,256,883.6426904386683,309,False,942.4180973965217,107,942.4180795556634,58.77540695785342,True,0
gxBQ_window_00_frame_0,M,106,7 1,103700,256,243.28915304774176,79985,False,459.7805164661849,1767,459.78053078502404,216.49136341844314,True,0
gxBQ_window_00_frame_0,M,108,7 3,19284,256,173.93110996410977,9720,False,401.1516478372005,11999,401.15166119079106,227.22053787309076,True,0
gxBQ_window_00_frame_0,M,110,7 5,2106,256,315.21713785491266,1150,True,315.21713785491266,1150,315.21713472399193,0.0,False,0
gxBQ_window_00_frame_0,M,112,7 8,83968,256,218.97593917580528,81062,False,546.510883602967,62530,546.5108851024908,327.5349444271618,True,0
gxBQ_window_00_frame_0,M,113,7 9,17378,256,168.210897774412,9773,False,650.6910930300684,16118,650.6910844641852,482.4801952556564,True,0
gxBQ_window_00_frame_0,M,114,7 10,0,0,,,,,,,,,
gxBQ_window_00_frame_0,M,120,8 0,32834,256,267.963145958912,24281,False,325.84223416016954,23726,325.8422301500579,57.87908820125756,True,0
gxBQ_window_00_frame_0,M,123,8 3,2956,256,188.19603027808967,546,False,197.9843931582601,2275,197.98439658043375,9.788362880170439,True,0
gxBQ_window_00_frame_0,M,124,8 4,1294,256,95.1417017653418,862,False,265.5236561042788,515,265.52367934884694,170.38195433893702,True,0
gxBQ_window_00_frame_0,M,125,8 5,9782,256,426.80593317349576,9125,False,511.7316733937819,7318,511.73166633979304,84.92574022028612,True,0
gxBQ_window_00_frame_0,M,127,8 7,20756,256,293.233984989209,16027,False,424.82889900860636,7209,424.8288987109084,131.59491401939738,True,0
gxBQ_window_00_frame_0,M,128,8 9,6974,256,138.17791424539288,3612,False,294.8908546230886,4858,294.89085367914515,156.71294037769573,True,0
gxBQ_window_00_frame_0,M,130,8 11,33834,256,265.37588928398804,22588,False,322.045961717021,3490,322.04596386082005,56.67007243303294,True,0
gxBQ_window_00_frame_0,M,131,8 12,33496,256,281.5141225209698,17198,False,317.6994888173197,8906,317.6994772454379,36.18536629634991,True,0
gxBQ_window_00_frame_0,M,132,8 13,36014,256,282.3378387251163,34653,False,322.0579689349765,29147,322.05795592100867,39.7201302098602,True,0
gxBQ_window_00_frame_0,M,133,8 14,34192,256,264.6613665615675,30620,False,320.57853777215183,26455,320.57854630165144,55.91717121058434,True,0
gxBQ_window_00_frame_0,M,134,8 15,31756,256,275.75502619251773,21802,True,275.75502619251773,21802,275.7550210280419,0.0,False,0
gxBQ_window_00_frame_0,M,135,9 0,47382,256,337.7108546117921,15055,False,414.56039343369014,27755,414.56039774075225,76.84953882189802,True,0
gxBQ_window_00_frame_0,M,136,9 1,5506,256,375.5642639909385,238,False,375.5642639909385,246,375.5642659983569,0.0,False,0
gxBQ_window_00_frame_0,M,137,9 2,35484,256,297.4741009465412,23676,False,490.24516805298845,9847,490.2451678026257,192.77106710644722,True,0
gxBQ_window_00_frame_0,M,141,9 6,7826,256,521.2648362900202,3431,False,538.1316528590754,6641,538.1316240992604,16.86681656905523,True,0
gxBQ_window_00_frame_0,M,142,9 7,25474,256,384.72010117864744,25455,False,456.2970735137944,14898,456.2970807494578,71.57697233514693,True,0
gxBQ_window_00_frame_0,M,143,9 8,5706,256,354.6528859573234,790,False,361.5424892674383,873,361.5424948428142,6.889603310114921,True,0
gxBQ_window_00_frame_0,M,145,9 11,47954,256,291.57294014880273,30982,False,390.3050050684895,30234,390.3049910011743,98.73206491968676,True,0
gxBQ_window_00_frame_0,M,146,9 12,42736,256,311.4786787701103,10645,False,465.0645298947521,30562,465.0645290208287,153.5858511246418,True,0
gxBQ_window_00_frame_0,M,147,9 13,49630,256,310.4055916225822,23384,False,414.93965851339584,35374,414.93967079359203,104.53406689081362,True,0
gxBQ_window_00_frame_0,M,148,9 14,51586,256,292.9803504018593,34780,False,446.80208806395575,32209,446.80206366156784,153.82173766209644,True,0
gxBQ_window_00_frame_0,M,149,9 15,35126,256,322.7118091517714,24203,False,376.70060939469516,12697,376.7005863584516,53.98880024292379,True,0
gxBQ_window_00_frame_0,M,150,10 0,0,0,,,,,,,,,
gxBQ_window_00_frame_0,M,152,10 2,0,0,,,,,,,,,
gxBQ_window_00_frame_0,M,154,10 4,0,0,,,,,,,,,
gxBQ_window_00_frame_0,M,157,10 7,0,0,,,,,,,,,
gxBQ_window_00_frame_0,M,160,10 11,0,0,,,,,,,,,
gxBQ_window_00_frame_0,M,161,10 12,0,0,,,,,,,,,
gxBQ_window_00_frame_0,M,162,10 13,0,0,,,,,,,,,
gxBQ_window_00_frame_0,M,163,10 14,0,0,,,,,,,,,
gxBQ_window_00_frame_0,M,164,10 15,0,0,,,,,,,,,
gxBQ_window_00_frame_0,M,166,11 1,44550,256,269.8985934432065,26783,False,319.10189587472604,3263,319.1018978254436,49.203302431519546,True,0
gxBQ_window_00_frame_0,M,168,11 3,85666,256,159.92257844649757,41307,False,421.474941014283,5238,421.4749452270714,261.5523625677854,True,0
gxBQ_window_00_frame_0,M,169,11 4,15196,256,179.909299414653,7235,False,297.6321935361159,15008,297.6321747549963,117.7228941214629,True,0
gxBQ_window_00_frame_0,M,171,11 6,10748,256,3221.301559868933,8236,False,4990.935046867764,9073,4990.93513194085,1769.633486998831,True,0
gxBQ_window_00_frame_0,M,173,11 8,58494,256,217.52624350494318,16133,False,303.5618824497595,29022,303.561897387642,86.0356389448163,True,0
gxBQ_window_00_frame_0,M,174,11 9,83634,256,157.1598118427505,42060,False,1807.5724960932876,67750,1807.572445265104,1650.412684250537,True,0
gxBQ_window_00_frame_0,M,175,11 10,0,0,,,,,,,,,
gxBQ_window_00_frame_0,M,181,12 1,40216,256,272.49661266556785,26919,False,339.40704838409886,734,339.40704128739816,66.910435718531,True,0
gxBQ_window_00_frame_0,M,183,12 3,69232,256,167.26467484327625,47614,False,528.8796202485536,47730,528.879638877051,361.61494540527735,True,0
gxBQ_window_00_frame_0,M,184,12 4,16102,256,171.80854960760283,5627,False,299.49180962192764,3931,299.49181121038595,127.68326001432482,True,0
gxBQ_window_00_frame_0,M,186,12 6,6316,256,2732.0888701939866,551,False,3553.613191425927,1489,3553.6132689283186,821.5243212319406,True,0
gxBQ_window_00_frame_0,M,188,12 8,50816,256,258.8778671246608,19178,False,359.07708755717925,38059,359.0770764191996,100.19922043251847,True,0
gxBQ_window_00_frame_0,M,189,12 9,86040,256,166.40150588723017,52908,False,2106.0273140416325,32045,2106.027337741732,1939.6258081544024,True,0
gxBQ_window_00_frame_0,M,190,12 10,0,0,,,,,,,,,
gxBQ_window_00_frame_0,M,196,13 1,59840,256,251.75441531036162,26332,False,338.1491827522566,1436,338.1491860083277,86.39476744189497,True,0
gxBQ_window_00_frame_0,M,198,13 3,95712,256,155.07387508818513,81199,False,384.16324862111696,23688,384.1632556233724,229.08937353293183,True,0
gxBQ_window_00_frame_0,M,199,13 4,16826,256,150.02023116657813,8826,False,296.40750906796785,16099,296.407506318991,146.38727790138972,True,0
gxBQ_window_00_frame_0,M,201,13 6,6242,256,3600.035683451156,3405,False,3652.596126262379,708,3652.596083095812,52.56044281122331,True,0
gxBQ_window_00_frame_0,M,203,13 8,65496,256,216.51951451731014,63524,False,348.5764368010499,14686,348.57642597538313,132.05692228373977,True,0
gxBQ_window_00_frame_0,M,204,13 9,85094,256,152.15209243942397,27146,False,529.1270437775977,18376,529.1270681988848,376.9749513381737,True,0
gxBQ_window_00_frame_0,M,205,13 10,0,0,,,,,,,,,
gxBQ_window_00_frame_0,M,211,14 1,54466,256,242.3606502757628,24639,False,344.03579555577187,9972,344.0357879063609,101.67514528000908,True,0
gxBQ_window_00_frame_0,M,213,14 3,93326,256,160.85900335110256,43856,False,368.5827478952996,12515,368.58275246143586,207.72374454419702,True,0
gxBQ_window_00_frame_0,M,214,14 4,14944,256,172.2357308586121,6680,False,298.20748210564017,14668,298.20748084318916,125.97175124702807,True,0
gxBQ_window_00_frame_0,M,216,14 6,15228,256,1656.38150508189,3285,False,5047.762454179532,107,5047.762616425,3391.380949097642,True,0
gxBQ_window_00_frame_0,M,218,14 8,62264,256,217.7673126948034,17121,False,361.3117671175616,49028,361.3117648529986,143.5444544227582,True,0
gxBQ_window_00_frame_0,M,219,14 9,84974,256,156.70309525244053,27681,False,1659.202254952161,76310,1659.2022885428,1502.4991596997204,True,0
gxBQ_window_00_frame_0,M,220,14 10,0,0,,,,,,,,,
gxBQ_window_00_frame_0,M,226,15 1,27768,256,270.3735769475047,15945,False,315.39697566944733,17998,315.3969635809993,45.02339872194261,True,0
gxBQ_window_00_frame_0,M,228,15 3,68986,256,150.03073130388037,56276,False,425.04571677954794,11529,425.04573507653157,275.0149854756676,True,0
gxBQ_window_00_frame_0,M,229,15 4,12740,256,181.21539716156914,3665,False,303.99665158723053,3037,303.99666676123064,122.78125442566139,True,0
gxBQ_window_00_frame_0,M,231,15 6,3732,256,2134.229196455902,872,False,2141.3489412193644,958,2141.3489338296317,7.119744763462222,True,0
gxBQ_window_00_frame_0,M,233,15 8,40874,256,217.9090658467939,29741,False,312.52036558771664,10669,312.52034824969934,94.61129974092273,True,0
gxBQ_window_00_frame_0,M,234,15 9,77520,256,153.65902747634118,34679,False,2077.707991635878,33826,2077.7080116713664,1924.0489641595368,True,0
gxBQ_window_00_frame_0,M,235,15 10,0,0,,,,,,,,,
am3_window_00_frame_0,R,0,0 1,61108,256,365.34501836471014,6823,False,376.54533676351747,44609,376.54533233873894,11.200318398807326,True,0
am3_window_00_frame_0,R,1,0 2,34968,256,438.6693608617501,31513,False,551.1308747309874,25407,551.1308601828384,112.46151386923736,True,0
am3_window_00_frame_0,R,3,0 4,6694,256,371.60669360892535,822,False,380.58711949433695,589,380.58711527364915,8.980425885411591,True,0
am3_window_00_frame_0,R,6,0 7,69036,256,384.03653381510065,52693,False,411.26790773092597,25833,411.267888478441,27.231373915825316,True,0
am3_window_00_frame_0,R,7,0 8,16612,256,452.8721243241761,13874,False,633.0310567797445,11591,633.0310351130014,180.1589324555684,True,0
am3_window_00_frame_0,R,15,1 0,59658,256,414.50277033539317,54208,False,438.01704045803336,6932,438.01702524024023,23.5142701226402,True,0
am3_window_00_frame_0,R,16,1 2,92820,256,416.2549623717883,12722,False,465.3488840635284,18571,465.348870659547,49.09392169174009,True,0
am3_window_00_frame_0,R,17,1 3,60062,256,406.87886744301653,43589,False,614.6638205629163,9658,614.663809631905,207.78495311989974,True,0
am3_window_00_frame_0,R,19,1 5,86130,256,407.3055624129119,3964,False,503.3074037001358,13362,503.30741514428564,96.0018412872239,True,0
am3_window_00_frame_0,R,20,1 6,82876,256,411.27708371004985,22446,False,525.9663088561796,77397,525.966302441511,114.68922514612973,True,0
am3_window_00_frame_0,R,23,1 9,220,110,1232.9381617704328,59,False,1232.9381617704328,88,1232.9381481802855,0.0,False,0
am3_window_00_frame_0,R,24,1 10,19130,256,416.2234707842562,7764,False,649.2394848268119,2827,649.2394937673286,233.0160140425557,True,0
am3_window_00_frame_0,R,25,1 11,40,20,4131.9022648221835,27,True,4131.9022648221835,27,4131.90216899194,0.0,False,0
am3_window_00_frame_0,R,27,1 13,58296,256,406.87888765598933,20050,False,438.68860773945954,15678,438.6886382303875,31.80972008347021,True,0
am3_window_00_frame_0,R,28,1 14,64424,256,406.8791929089799,62879,False,578.3317551528695,28947,578.3317620960901,171.4525622438896,True,0
am3_window_00_frame_0,R,29,1 15,61680,256,408.160028186143,49107,False,508.39966222049236,46088,508.39967413672673,100.23963403434936,True,0
am3_window_00_frame_0,R,30,2 0,31452,256,40.13970744678186,21176,False,44.20780637663898,16137,44.20775329754375,4.068098929857115,True,4
am3_window_00_frame_0,R,31,2 1,84870,256,365.81199885432915,9270,False,381.0923567974408,33871,381.0923778704267,15.280357943111653,True,0
am3_window_00_frame_0,R,32,2 3,32614,256,47.948468913368224,29764,False,52.22172131126272,1043,52.22170315068857,4.273252397894495,True,0
am3_window_00_frame_0,R,33,2 4,18532,256,430.8750461685784,15036,False,497.83592736196346,8480,497.83594124764636,66.96088119338503,True,0
am3_window_00_frame_0,R,34,2 5,3556,256,147.6363723412297,3172,False,265.45204566386815,3429,265.4520871721138,117.81567332263845,True,0
am3_window_00_frame_0,R,35,2 6,4310,256,317.62925775105896,3403,False,420.00426177928574,3296,420.00431245254174,102.37500402822678,True,0
am3_window_00_frame_0,R,36,2 7,55222,256,358.3245751249487,15624,False,375.413624281368,36214,375.4135964527204,17.08904915641932,True,0
am3_window_00_frame_0,R,39,2 10,68,33,833.408459037999,52,False,833.4098595735693,46,833.409896622784,0.0014005355702693123,True,0
am3_window_00_frame_0,R,41,2 12,412,206,537.6452631986319,326,True,537.6452631986319,326,537.6452511789947,0.0,False,0
am3_window_00_frame_0,R,42,2 13,35306,256,45.53092534238964,6886,True,45.53092534238964,6886,45.53091608083735,0.0,False,0
am3_window_00_frame_0,R,43,2 14,32628,256,46.09974689269952,14662,False,48.566442648633334,23724,48.566477925289995,2.466695755933813,True,0
am3_window_00_frame_0,R,44,2 15,31964,256,40.33717193270229,14115,False,46.09596421017079,1726,46.09601432335844,5.758792277468501,True,4
am3_window_00_frame_0,R,46,3 1,48030,256,364.70509285715605,33803,False,389.5693239682644,40064,389.5693123495577,24.86423111110838,True,0
am3_window_00_frame_0,R,47,3 2,26854,256,434.38095729043107,1223,False,520.4360974539252,7685,520.4360872253014,86.05514016349412,True,0
am3_window_00_frame_0,R,48,3 4,4328,256,371.4002619349572,708,False,372.4280955142045,672,372.4280967250229,1.0278335792472717,True,0
am3_window_00_frame_0,R,51,3 7,72522,256,384.04093009744616,44145,False,428.4170369124834,57904,428.41702270499013,44.37610681503725,True,0
am3_window_00_frame_0,R,52,3 8,37138,256,456.9547914289222,19045,False,631.8509677452913,35045,631.8509647367695,174.89617631636912,True,0
am3_window_00_frame_0,R,60,4 0,3924,256,430.87877896086974,3136,False,430.8815976231124,847,430.88162400316713,0.0028186622426460417,True,0
am3_window_00_frame_0,R,62,4 2,18572,256,414.68384346537886,2041,False,452.25387346906626,1817,452.25386571705616,37.57003000368741,True,0
am3_window_00_frame_0,R,63,4 3,3192,256,430.87281930840993,550,False,431.1341245230026,751,431.1341234858779,0.2613052145926531,True,0
am3_window_00_frame_0,R,64,4 5,6456,256,467.13645493912975,1845,False,533.7159256838623,1038,533.7159386080858,66.57947074473259,True,0
am3_window_00_frame_0,R,68,4 9,36,18,3214.9542152121685,28,True,3214.9542152121685,28,3214.954208271212,0.0,False,0
am3_window_00_frame_0,R,70,4 11,0,0,,,,,,,,,
am3_window_00_frame_0,R,72,4 13,3406,256,430.8723075352864,3340,False,430.90200531176197,3170,430.9020204144405,0.02969777647558658,True,0
am3_window_00_frame_0,R,73,4 14,3368,256,430.8722901665803,2950,False,430.9447961393043,476,430.9447985104332,0.07250597272400228,True,0
am3_window_00_frame_0,R,74,4 15,3380,256,430.8815736684362,3070,False,432.372666358998,1179,432.3726939709597,1.4910926905617998,True,0
am3_window_00_frame_0,R,76,5 1,23448,256,365.32226590235547,17729,False,505.5910457001425,19558,505.5910471582681,140.26877979778703,True,0
am3_window_00_frame_0,R,77,5 2,1794,256,842.5942690630969,656,False,907.8071896916616,391,907.8071322543424,65.21292062856469,True,0
am3_window_00_frame_0,R,79,5 4,8124,256,371.97990815367604,2181,False,383.6125848557052,7539,383.61257810045777,11.632676702029187,True,0
am3_window_00_frame_0,R,81,5 7,4646,256,384.02050184864004,1080,False,480.2941508937749,3213,480.2941483381619,96.27364904513485,True,0
am3_window_00_frame_0,R,82,5 8,6526,256,317.02844495885205,22,False,430.2020894543371,5996,430.2020897214386,113.17364449548506,True,0
am3_window_00_frame_0,R,91,6 1,29388,256,365.46269382910515,6409,True,365.46269382910515,6409,365.4626744598096,0.0,False,0
am3_window_00_frame_0,R,92,6 2,1866,256,807.3612014425947,91,False,1158.6713100022844,1453,1158.671345944427,351.31010855968964,True,0
am3_window_00_frame_0,R,96,6 7,8448,256,384.01922369491496,2057,False,500.1912448152724,5254,500.1912605774864,116.17202112035744,True,0
am3_window_00_frame_0,R,97,6 8,11032,256,297.33333237636623,7479,False,406.31200512282766,235,406.3120040587969,108.97867274646143,True,0
am3_window_00_frame_0,R,105,7 0,23730,256,427.92971049009293,14425,False,537.2943212181794,18894,537.2943060183841,109.36461072808652,True,0
am3_window_00_frame_0,R,107,7 2,96630,256,422.3550561273722,16391,False,523.9535362926049,12010,523.9535536065167,101.59848016523267,True,0
am3_window_00_frame_0,R,108,7 3,26184,256,427.9697564260038,5666,False,533.8537165348829,13521,533.8536805672034,105.88396010887908,True,0
am3_window_00_frame_0,R,110,7 5,14040,256,416.0527102479223,3698,False,505.7355270520038,3099,505.7355544853453,89.68281680408154,True,0
am3_window_00_frame_0,R,111,7 6,13952,256,427.85242783579577,13127,False,465.4544233827614,7073,465.4544396073704,37.60199554696561,True,0
am3_window_00_frame_0,R,113,7 9,636,256,2643.448627687644,18,True,2643.448627687644,18,2643.448584533506,0.0,False,0
am3_window_00_frame_0,R,114,7 10,1356,256,465.93348648475353,925,False,471.10232116175996,443,471.102309749502,5.16883467700643,True,0
am3_window_00_frame_0,R,115,7 11,0,0,,,,,,,,,
am3_window_00_frame_0,R,116,7 12,314,157,511.87368857949383,50,True,511.87368857949383,50,511.87367302693133,0.0,False,0
am3_window_00_frame_0,R,117,7 13,23462,256,427.1022486993407,16028,False,519.5954252064962,20697,519.595420358596,92.49317650715551,True,0
am3_window_00_frame_0,R,118,7 14,23696,256,427.9186207492381,13192,False,532.7924433577102,17225,532.792423677264,104.87382260847215,True,0
am3_window_00_frame_0,R,119,7 15,22032,256,432.8291505464499,13216,False,524.0765023673546,21741,524.0765209217413,91.24735182090467,True,0
am3_window_00_frame_0,R,120,8 0,14320,256,190.2188711269684,7441,False,191.76505693701512,2034,191.76506625301658,1.5461858100467225,True,0
am3_window_00_frame_0,R,123,8 3,16938,256,158.58413480634022,12540,False,176.02348762364946,2376,176.02350951775378,17.439352817309242,True,0
am3_window_00_frame_0,R,125,8 5,3522,256,572.1451642248906,2482,False,572.1451642248906,2517,572.1451418142908,0.0,False,0
am3_window_00_frame_0,R,126,8 6,13256,256,562.5247598801899,5180,False,604.8032786212754,5060,604.8032904101669,42.27851874108546,True,0
am3_window_00_frame_0,R,129,8 10,2100,256,588.3429746380939,1193,True,588.3429746380939,1201,588.3429490210065,0.0,False,0
am3_window_00_frame_0,R,131,8 12,632,256,571.915134120328,4,True,571.915134120328,4,571.9151380995596,0.0,False,0
am3_window_00_frame_0,R,132,8 13,16722,256,189.9226912146325,10234,False,192.02832846369583,6080,192.02834760668748,2.105637249063335,True,0
am3_window_00_frame_0,R,133,8 14,21586,256,174.15952948783033,13543,False,174.8543433118424,10496,174.85435755786506,0.6948138240120727,True,0
am3_window_00_frame_0,R,134,8 15,16180,256,180.3393205151478,5353,False,191.98182957493316,10686,191.98185870795362,11.642509059785368,True,0
am3_window_00_frame_0,R,136,9 1,0,0,,,,,,,,,
am3_window_00_frame_0,R,139,9 4,22,11,1259.3180895382145,8,True,1259.3180895382145,8,1259.3181182306005,0.0,False,0
am3_window_00_frame_0,R,142,9 7,42,21,1971.1012691423161,35,True,1971.1012691423161,36,1971.1012505888611,0.0,False,0
am3_window_00_frame_0,R,151,10 1,18878,256,366.74772997888095,2720,False,371.32523784049573,18708,371.3252397053804,4.577507861614777,True,0
am3_window_00_frame_0,R,152,10 2,1890,256,343.702289474318,1051,True,343.702289474318,1051,343.702305941359,0.0,False,0
am3_window_00_frame_0,R,157,10 7,2594,256,384.0228373770372,232,False,390.05143305276584,2287,390.05140729383993,6.0285956757286385,True,0
am3_window_00_frame_0,R,158,10 8,2380,256,299.2161674274115,2083,True,299.2161674274115,2083,299.216157871876,0.0,False,0
am3_window_00_frame_0,R,166,11 1,0,0,,,,,,,,,
am3_window_00_frame_0,R,169,11 4,2,1,511.8325882116304,0,True,511.8325882116304,0,511.8326073244707,0.0,False,0
am3_window_00_frame_0,R,172,11 7,0,0,,,,,,,,,
am3_window_00_frame_0,R,182,12 2,1124,256,331.2210985622059,318,False,451.63182738876293,483,451.6318306239606,120.41072882655703,True,0
am3_window_00_frame_0,R,187,12 7,900,256,384.0202610639043,245,False,431.61151790734584,800,431.61149445027473,47.591256843441556,True,0
am3_window_00_frame_0,R,188,12 8,1866,256,308.4050233266786,247,False,433.37566050771693,1857,433.37567642225486,124.97063718103834,True,0
am3_window_00_frame_0,R,196,13 1,60114,256,365.776040103383,9563,False,380.3837358707575,37956,380.3837391503789,14.60769576737448,True,0
am3_window_00_frame_0,R,197,13 2,39398,256,421.05828425637327,22558,False,446.82474866526235,19228,446.8247270666187,25.766464408889078,True,0
am3_window_00_frame_0,R,199,13 4,5704,256,371.5797363364874,122,False,383.99797562695477,2537,383.9979825404474,12.418239290467397,True,0
am3_window_00_frame_0,R,202,13 7,71942,256,384.029468770138,34415,False,408.12942685166684,51564,408.1294152084458,24.099958081528825,True,0
am3_window_00_frame_0,R,203,13 8,28532,256,484.808969372641,28510,False,638.0290253174816,26725,638.0290142569215,153.22005594484057,True,0
am3_window_00_frame_0,R,211,14 1,57798,256,364.81634203873415,41554,False,388.577116648128,48145,388.5771159355962,23.760774609393877,True,0
am3_window_00_frame_0,R,212,14 2,35000,256,440.48753830905,2560,False,518.2259527219481,3649,518.2259639942098,77.73841441289812,True,0
am3_window_00_frame_0,R,214,14 4,4900,256,371.40524570171493,880,False,386.3431637740151,4274,386.3431696301938,14.937918072300192,True,0
am3_window_00_frame_0,R,217,14 7,75970,256,384.023879567891,44528,False,411.57109308169044,75070,411.5710927160882,27.54721351379942,True,0
am3_window_00_frame_0,R,218,14 8,39942,256,484.7192382802075,19267,False,642.2752534449061,39027,642.275245341711,157.55601516469858,True,0
am3_window_00_frame_0,R,226,15 1,76958,256,365.34840676092125,9366,False,380.30245376396726,49225,380.3024525429062,14.954047003046014,True,0
am3_window_00_frame_0,R,227,15 2,33208,256,438.0213928976505,29862,False,559.350354993453,4725,559.3503621056079,121.32896209580252,True,0
am3_window_00_frame_0,R,229,15 4,10520,256,371.60173898631535,7544,False,384.3324236404665,1400,384.3324156100697,12.730684654151162,True,0
am3_window_00_frame_0,R,232,15 7,75838,256,384.0327526955276,69011,False,398.7851598033285,72639,398.7851829104478,14.752407107800877,True,0
am3_window_00_frame_0,R,233,15 8,21368,256,437.2357673017144,14322,False,633.0839507838798,18805,633.0839580373619,195.84818348216538,True,0
am2_window_01_frame_28019,B,0,0 1,10888,256,465.0156849330479,3974,False,640.4498753038463,9037,640.4498720767533,175.43419037079838,True,0
am2_window_01_frame_28019,B,4,0 5,1432,256,372.116633855025,1370,False,375.2049071173699,1208,375.20491568476587,3.0882732623448987,True,0
am2_window_01_frame_28019,B,5,0 6,5166,256,304.25439069452,2470,False,371.4247236560558,1695,371.42471995250145,67.17033296153579,True,0
am2_window_01_frame_28019,B,10,0 11,7804,256,339.586362657786,3024,False,453.1971314675215,2770,453.19713467699046,113.61076880973548,True,0
am2_window_01_frame_28019,B,13,0 14,54,27,1140.0209016621707,18,True,1140.0209016621707,18,1140.0209294284634,0.0,False,0
am2_window_01_frame_28019,B,15,1 0,6402,256,61.62067839446864,344,False,81.26256190709293,316,81.2625549565927,19.64188351262429,True,0
am2_window_01_frame_28019,B,16,1 2,7064,256,15.321410879238165,501,False,15.321476679258632,381,15.32145906187604,6.58000204669662e-05,False,0
am2_window_01_frame_28019,B,18,1 4,6002,256,459.21954483719685,5136,True,459.21954483719685,5136,459.2195779747489,0.0,False,0
am2_window_01_frame_28019,B,19,1 5,7662,256,321.74857421193036,4783,False,358.0036605818196,797,358.00367519154855,36.25508636988923,True,0
am2_window_01_frame_28019,B,20,1 6,4978,256,375.71026569099365,3175,False,382.47670694950574,3090,382.476705198065,6.7664412585120886,True,0
am2_window_01_frame_28019,B,21,1 7,2486,256,358.71020376818774,1376,True,358.71020376818774,1376,358.71019047160104,0.0,False,0
am2_window_01_frame_28019,B,22,1 8,55600,256,187.79074154215283,25235,False,307.67264078615335,17005,307.67264372866384,119.88189924400052,True,0
am2_window_01_frame_28019,B,24,1 10,9474,256,310.0876866377362,6155,False,310.3104263899453,2447,310.31042323347526,0.2227397522090655,True,0
am2_window_01_frame_28019,B,27,1 13,772,256,324.7832513659949,4,True,324.7832513659949,4,324.7832365924319,0.0,False,0
am2_window_01_frame_28019,B,31,2 1,9594,256,315.305464921269,7798,False,632.235903683488,2710,632.2359042824502,316.930438762219,True,0
am2_window_01_frame_28019,B,34,2 5,2602,256,402.94804525696475,1358,True,402.94804525696475,1358,402.9480479784262,0.0,False,0
am2_window_01_frame_28019,B,35,2 6,9518,256,303.4031318763617,104,False,373.4528020865451,413,373.4528087694652,70.04967021018336,True,0
am2_window_01_frame_28019,B,40,2 11,9794,256,451.73354449566915,781,False,451.73354449566915,9357,451.7335466337202,0.0,False,0
am2_window_01_frame_28019,B,43,2 14,264,127,1014.9963009585709,178,False,1014.9963314683124,114,1014.9963168267518,3.0509741463902174e-05,False,0
am2_window_01_frame_28019,B,48,3 4,9054,256,313.4067313383349,4336,False,432.03431995078785,8261,432.03432281453274,118.62758861245294,True,0
am2_window_01_frame_28019,B,49,3 5,3064,256,363.8829994174057,2611,False,379.19434364848087,2474,379.19435446927423,15.311344231075168,True,0
am2_window_01_frame_28019,B,50,3 6,978,256,438.7883492039479,463,True,438.7883492039479,480,438.78835098055947,0.0,False,0
am2_window_01_frame_28019,B,52,3 8,7484,256,256.83303857817566,3413,False,350.2036294120513,2347,350.203622487548,93.37059083387567,True,0
am2_window_01_frame_28019,B,54,3 10,3048,256,389.2546227917221,1658,False,422.10947294296733,1580,422.1094683088457,32.854850151245216,True,0
am2_window_01_frame_28019,B,57,3 13,246,120,332.3215114522791,160,True,332.3215114522791,160,332.3215011989623,0.0,False,0
am2_window_01_frame_28019,B,61,4 1,5640,256,277.58352590395833,4764,False,358.9987793710699,4166,358.9988108869452,81.41525346711154,True,0
am2_window_01_frame_28019,B,63,4 3,7784,256,392.26324365174776,2341,False,457.47746523489326,1287,457.47749080185116,65.2142215831455,True,0
am2_window_01_frame_28019,B,64,4 5,8140,256,357.37688169215124,5487,False,362.7791957386133,5422,362.77920107124845,5.402314046462038,True,0
am2_window_01_frame_28019,B,65,4 6,5532,256,376.476244478717,1162,False,432.5882101778886,4342,432.58821251946057,56.111965699171606,True,0
am2_window_01_frame_28019,B,68,4 9,26252,256,372.3165056367866,3359,False,743.4361616048375,21967,743.4362054667789,371.1196559680509,True,0
am2_window_01_frame_28019,B,70,4 11,10480,256,546.638561858897,8908,False,621.1637396049164,7214,621.16374296013,74.52517774601938,True,0
am2_window_01_frame_28019,B,71,4 12,6116,256,335.2802869762098,1764,False,341.7125519486159,429,341.7125475270352,6.432264972406074,True,0
am2_window_01_frame_28019,B,73,4 14,534,256,463.77633799277805,113,True,463.77633799277805,113,463.776340436528,0.0,False,0
am2_window_01_frame_28019,B,75,5 0,15072,256,354.15857777394086,4510,False,409.7435177732276,10425,409.7435151174749,55.584939999286746,True,0
am2_window_01_frame_28019,B,76,5 1,21990,256,328.4662159401563,20728,False,380.74349006645224,1013,380.74349150806387,52.277274126295936,True,0
am2_window_01_frame_28019,B,77,5 2,13344,256,355.17792799430845,7913,False,393.3963494232912,8940,393.39634764138515,38.218421428982765,True,0
am2_window_01_frame_28019,B,78,5 3,3154,256,398.8541831169898,2586,False,401.1169815248685,1506,401.1169911230108,2.2627984078786767,True,0
am2_window_01_frame_28019,B,79,5 4,19274,256,346.06959064138863,13178,False,409.51019204360955,19148,409.51020397574115,63.44060140222092,True,0
am2_window_01_frame_28019,B,81,5 7,11082,256,355.5330407058563,1871,False,454.14673905823804,6078,454.1467256741191,98.61369835238173,True,0
am2_window_01_frame_28019,B,82,5 8,21590,256,336.6887290828978,21565,False,341.2591398656148,11379,341.2591482276346,4.570410782717033,True,0
am2_window_01_frame_28019,B,83,5 9,9052,256,421.54494835937606,5203,False,459.9089174912525,3293,459.90891329949807,38.363969131876445,True,0
am2_window_01_frame_28019,B,85,5 11,3618,256,378.1119813297691,3440,False,433.1470062581677,988,433.147014760972,55.03502492839863,True,0
am2_window_01_frame_28019,B,86,5 12,4938,256,390.2447258436608,1061,True,390.2447258436608,1061,390.2447250551717,0.0,False,0
am2_window_01_frame_28019,B,89,5 15,264,132,1821.794984612635,192,True,1821.794984612635,192,1821.7950022226223,0.0,False,0
am2_window_01_frame_28019,B,90,6 0,19932,256,324.8598234291909,8462,False,506.4882360022311,1833,506.4882360097399,181.62841257304018,True,0
am2_window_01_frame_28019,B,91,6 1,15074,256,403.4467345055973,10053,False,477.48589320422565,5994,477.4858873023641,74.03915869862834,True,0
am2_window_01_frame_28019,B,92,6 2,16338,256,318.60773858259154,7572,False,500.05159181333323,5371,500.0515830990319,181.4438532307417,True,0
am2_window_01_frame_28019,B,93,6 3,1018,256,431.3971965253592,671,True,431.3971965253592,671,431.39719870953246,0.0,False,0
am2_window_01_frame_28019,B,94,6 4,20628,256,336.09060690815704,13400,False,527.6675908964512,19174,527.6675917802293,191.57698398829416,True,0
am2_window_01_frame_28019,B,96,6 7,12478,256,345.51193857878087,9378,False,427.4641568232779,5063,427.46415333979377,81.95221824449703,True,0
am2_window_01_frame_28019,B,97,6 8,12916,256,326.52955438760364,10004,False,538.2355255281605,5050,538.2355354043375,211.7059711405568,True,0
am2_window_01_frame_28019,B,98,6 9,2880,256,446.76318530703827,2552,True,446.76318530703827,2552,446.7631939471507,0.0,False,0
am2_window_01_frame_28019,B,100,6 11,2238,256,417.16846157012185,1331,False,457.8877067627135,484,457.8877138797267,40.71924519259164,True,0
am2_window_01_frame_28019,B,101,6 12,2178,256,401.6752733730353,550,False,402.0322943906219,1198,402.0323036714738,0.3570210175866464,True,0
am2_window_01_frame_28019,B,104,6 15,56,28,1418.5148001146533,0,True,1418.5148001146533,0,1418.5148603660348,0.0,False,0
am2_window_01_frame_28019,B,106,7 1,2882,256,294.40782287844706,229,False,344.67749912580007,1734,344.6775022702876,50.269676247353004,True,0
am2_window_01_frame_28019,B,110,7 5,826,256,402.90413000167683,685,False,408.7348681867327,664,408.7348663865285,5.83073818505585,True,0
am2_window_01_frame_28019,B,111,7 6,8460,256,302.77224137940215,1589,False,421.80715400591356,7045,421.80716637786514,119.03491262651141,True,0
am2_window_01_frame_28019,B,115,7 11,24064,256,381.49945602672665,19750,False,663.0439702418258,9809,663.0439553467737,281.5445142150992,True,0
am2_window_01_frame_28019,B,121,8 1,61176,256,370.02893787802265,29619,False,386.1341434687815,13620,386.13414473039444,16.10520559075883,True,0
am2_window_01_frame_28019,B,123,8 3,19056,256,323.1011068932956,15595,False,383.0647930323456,134,383.0647876447177,59.963686139050026,True,0
am2_window_01_frame_28019,B,125,8 5,8986,256,376.5642410706,6609,False,389.55468106506663,6288,389.55468068723644,12.990439994466612,True,0
am2_window_01_frame_28019,B,126,8 6,2010,256,374.3099389440024,716,False,475.78828493486895,1928,475.78828630811125,101.47834599086656,True,0
am2_window_01_frame_28019,B,130,8 11,25652,256,364.85287053529936,18232,False,652.0729579991088,15471,652.0729314609082,287.2200874638094,True,0
am2_window_01_frame_28019,B,132,8 13,566,256,312.75867122146775,125,True,312.75867122146775,125,312.7586763391345,0.0,False,0
am2_window_01_frame_28019,B,133,8 14,2,1,905.479337924695,0,True,905.479337924695,0,905.4793358501609,0.0,False,0
am2_window_01_frame_28019,B,139,9 4,26386,256,349.400954548311,2621,False,350.54042487782465,25868,350.5404220646797,1.1394703295136424,True,0
am2_window_01_frame_28019,B,140,9 5,1374,256,364.67679324507395,1009,False,372.062867323523,373,372.0628586502583,7.386074078449042,True,0
am2_window_01_frame_28019,B,141,9 6,1720,256,349.70430728552725,1330,False,349.70430728552725,1410,349.704312435104,0.0,False,0
am2_window_01_frame_28019,B,144,9 10,430,215,498.1537190555288,298,True,498.1537190555288,298,498.15371002185316,0.0,False,0
am2_window_01_frame_28019,B,147,9 13,608,256,341.3901478683169,428,True,341.3901478683169,428,341.390160838179,0.0,False,0
am2_window_01_frame_28019,B,151,10 1,13878,256,272.05739594239844,12809,False,351.19736225334657,5567,351.19736678018035,79.13996631094813,True,0
am2_window_01_frame_28019,B,153,10 3,1652,256,423.05351140735496,900,False,445.481930085322,24,445.4819304064158,22.428418677967045,True,0
am2_window_01_frame_28019,B,159,10 9,2722,256,374.8469452551464,1498,False,392.75591980967386,2422,392.75591587225887,17.908974554527447,True,0
am2_window_01_frame_28019,B,160,10 11,2878,256,362.15352694612346,2372,True,362.15352694612346,2372,362.15354231919747,0.0,False,0
am2_window_01_frame_28019,B,161,10 12,2422,256,713.0414322151479,1645,False,713.0414922611617,1637,713.0414701754383,6.004601380027452e-05,False,0
am2_window_01_frame_28019,B,164,10 15,244,122,397.6016977257881,104,True,397.6016977257881,148,397.60171140269097,0.0,False,0
am2_window_01_frame_28019,B,165,11 0,630,256,193.04742976246598,408,True,193.04742976246598,408,193.04744558340715,0.0,False,0
am2_window_01_frame_28019,B,167,11 2,4652,256,160.78071462745814,875,False,411.105901971972,3222,411.10587906568674,250.32518734451386,True,0
am2_window_01_frame_28019,B,169,11 4,12078,256,274.7900288323397,4033,False,557.4607314022634,6437,557.4607313413165,282.67070256992366,True,0
am2_window_01_frame_28019,B,170,11 5,6036,256,339.67317034106253,3075,False,383.5314493263472,2999,383.53143165493236,43.85827898528464,True,0
am2_window_01_frame_28019,B,171,11 6,3262,256,366.2455657985175,2395,False,432.05970914567,2694,432.05971074438554,65.81414334715254,True,0
am2_window_01_frame_28019,B,172,11 7,42250,256,495.4059605592222,38798,False,666.0525386053693,30643,666.05255774266,170.64657804614706,True,0
am2_window_01_frame_28019,B,173,11 8,29510,256,127.13237329887718,28348,False,695.1113850640628,1513,695.1113899793625,567.9790117651856,True,0
am2_window_01_frame_28019,B,175,11 10,8900,256,367.04885888314027,7500,False,369.4825540410766,4379,369.4825471654779,2.433695157936313,True,0
am2_window_01_frame_28019,B,177,11 13,0,0,,,,,,,,,
am2_window_01_frame_28019,B,184,12 4,5394,256,335.0308243678442,4404,False,336.38431557497586,2188,336.3843260958386,1.3534912071316398,True,0
am2_window_01_frame_28019,B,185,12 5,1754,256,354.522786314829,1359,False,361.8922935667106,1507,361.89229052181577,7.3695072518816005,True,0
am2_window_01_frame_28019,B,186,12 6,272,117,414.3326131684178,198,True,414.3326131684178,198,414.33260963371686,0.0,False,0
am2_window_01_frame_28019,B,190,12 10,552,256,464.8495461096307,406,False,464.84960090602067,295,464.8495656773183,5.479638997485381e-05,False,0
am2_window_01_frame_28019,B,196,13 1,2962,256,315.8734878853554,2113,False,347.8140068506884,861,347.81401696237236,31.940518965332956,True,0
am2_window_01_frame_28019,B,198,13 3,208,103,383.30224828750573,98,False,383.30225533435396,90,383.30225050383194,7.046848224945279e-06,False,0
am2_window_01_frame_28019,B,203,13 8,1676,256,289.9154474013999,12,False,293.5680920247268,805,293.5680892522982,3.652644623326921,True,0
am2_window_01_frame_28019,B,204,13 9,1972,256,384.6970477047132,21,True,384.6970477047132,355,384.6970516952029,0.0,False,0
am2_window_01_frame_28019,B,206,13 11,210,105,374.37410106572577,6,True,374.37410106572577,6,374.374113655858,0.0,False,0
am2_window_01_frame_28019,B,209,13 15,0,0,,,,,,,,,
am2_window_01_frame_28019,B,210,14 0,72,38,848.4406457608782,54,True,848.4406457608782,54,848.4406458064569,0.0,False,0
am2_window_01_frame_28019,B,212,14 2,136,69,810.7391414599005,14,True,810.7391414599005,100,810.7391444045136,0.0,False,0
am2_window_01_frame_28019,B,214,14 4,890,256,529.4202562252086,732,True,529.4202562252086,732,529.4202583458413,0.0,False,0
am2_window_01_frame_28019,B,218,14 8,68,34,275.38957524564637,54,False,275.3895930123116,53,275.38960548647424,1.776666522346204e-05,False,0
am2_window_01_frame_28019,B,230,15 5,0,0,,,,,,,,,
am2_window_01_frame_28019,B,231,15 6,40,20,2090.393042112404,26,True,2090.393042112404,27,2090.3930998221945,0.0,False,0
am2_window_01_frame_28019,B,235,15 10,0,0,,,,,,,,,
am2_window_01_frame_28019,B,238,15 13,0,0,,,,,,,,,
